carteira_id,cliente_id,vendedor_id,data_inicio,data_fim
1,1,1,2024-09-01,
2,2,15,2024-09-01,2026-04-13
3,2,32,2026-04-14,
4,3,42,2024-09-01,
5,4,29,2024-09-01,
6,5,37,2024-09-01,
7,6,5,2025-01-31,
8,7,16,2025-08-07,
9,8,9,2024-09-01,
10,9,4,2024-10-16,
11,10,7,2024-09-01,
12,11,24,2024-09-01,
13,12,11,2024-09-01,2025-03-27
14,12,12,2025-03-28,
15,13,16,2024-09-01,
16,14,26,2024-09-01,
17,15,6,2024-09-01,
18,16,23,2024-09-01,
19,17,26,2025-12-29,
20,18,34,2024-09-01,
21,19,14,2024-09-01,2026-07-20
22,19,37,2026-07-21,
23,20,41,2024-09-01,2025-08-05
24,20,10,2025-08-06,
25,21,14,2024-09-01,
26,22,13,2026-01-09,
27,23,42,2024-09-01,
28,24,3,2024-09-01,
29,25,6,2025-10-24,
30,26,18,2025-07-12,
31,27,26,2024-09-01,
32,28,31,2024-09-01,2026-04-06
33,28,23,2026-04-07,
34,29,31,2024-09-01,2025-03-16
35,29,14,2025-03-17,
36,30,38,2024-09-01,
37,31,36,2024-09-01,
38,32,29,2024-09-01,2025-12-07
39,32,31,2025-12-08,
40,33,15,2024-11-10,2025-02-26
41,33,40,2025-02-27,
42,34,10,2024-09-01,2026-01-26
43,34,3,2026-01-27,
44,35,8,2024-09-01,
45,36,11,2024-09-01,
46,37,1,2026-03-07,
47,38,13,2025-09-13,
48,39,28,2026-03-05,
49,40,41,2024-09-01,
50,41,31,2025-04-27,
51,42,16,2024-09-01,
52,43,35,2024-09-01,
53,44,24,2024-09-01,
54,45,29,2024-09-01,
55,46,24,2024-09-01,
56,47,24,2026-02-26,
57,48,10,2024-09-01,2025-12-14
58,48,17,2025-12-15,
59,49,22,2024-09-01,
60,50,9,2024-09-01,2025-09-05
61,50,8,2025-09-06,
62,51,24,2026-06-11,2026-08-22
63,51,16,2026-08-23,
64,52,33,2024-09-01,
65,53,36,2024-09-01,
66,54,2,2024-09-01,
67,55,20,2025-01-23,
68,56,41,2025-01-19,
69,57,4,2024-09-01,2025-11-01
70,57,15,2025-11-02,
71,58,24,2024-09-01,
72,59,38,2026-01-28,
73,60,24,2024-09-01,2026-02-01
74,60,12,2026-02-02,
75,61,1,2024-09-01,
76,62,21,2024-09-01,
77,63,2,2024-09-01,2025-12-31
78,63,19,2026-01-01,
79,64,9,2024-09-01,2025-04-25
80,64,10,2025-04-26,
81,65,24,2024-09-01,
82,66,16,2024-09-01,
83,67,27,2025-01-17,
84,68,4,2026-03-22,
85,69,6,2024-09-01,2024-11-21
86,69,7,2024-11-22,
87,70,6,2024-09-01,
88,71,41,2024-09-01,
89,72,15,2024-09-01,2025-06-03
90,72,11,2025-06-04,
91,73,16,2024-09-01,
92,74,20,2024-09-01,
93,75,32,2024-09-01,
94,76,17,2024-09-01,
95,77,28,2024-09-01,
96,78,22,2024-09-01,
97,79,9,2024-09-01,
98,80,20,2024-09-01,
99,81,12,2024-09-01,2025-12-08
100,81,15,2025-12-09,
101,82,33,2024-09-01,2025-09-16
102,82,38,2025-09-17,
103,83,25,2024-09-01,
104,84,11,2024-09-01,
105,85,15,2024-09-01,
106,86,41,2024-09-01,
107,87,18,2024-09-01,
108,88,35,2024-09-01,
109,89,14,2024-11-08,
110,90,4,2025-01-25,
111,91,38,2025-04-19,
112,92,4,2024-09-01,
113,93,38,2024-09-01,2025-01-19
114,93,1,2025-01-20,
115,94,23,2024-09-01,
116,95,23,2024-11-16,
117,96,30,2026-02-25,2026-05-02
118,96,34,2026-05-03,
119,97,5,2024-09-01,
120,98,24,2024-09-01,2025-10-14
121,98,37,2025-10-15,
122,99,35,2025-10-04,
123,100,5,2024-09-01,
124,101,42,2024-09-01,
125,102,41,2024-09-01,
126,103,4,2024-09-01,
127,104,11,2024-09-01,
128,105,42,2024-09-01,
129,106,18,2024-09-01,2025-08-07
130,106,41,2025-08-08,
131,107,39,2024-09-01,
132,108,6,2024-09-01,
133,109,11,2024-09-01,
134,110,35,2024-09-01,
135,111,4,2024-09-01,
136,112,27,2025-09-29,
137,113,34,2024-12-26,
138,114,8,2024-09-01,
139,115,21,2025-10-27,
140,116,30,2024-09-01,
141,117,38,2024-09-01,2025-05-07
142,117,18,2025-05-08,
143,118,26,2026-06-03,
144,119,42,2024-09-01,
145,120,18,2024-12-12,
146,121,11,2025-10-07,
147,122,38,2024-11-09,
148,123,34,2024-09-01,
149,124,37,2024-09-01,
150,125,33,2026-04-04,2026-06-13
151,125,27,2026-06-14,
152,126,25,2025-07-25,
153,127,40,2024-09-01,2024-12-24
154,127,3,2024-12-25,
155,128,21,2024-09-01,
156,129,26,2025-01-12,
157,130,11,2024-09-01,
158,131,40,2024-09-01,
159,132,10,2024-11-06,
160,133,12,2024-09-01,
161,134,6,2024-09-01,
162,135,13,2024-09-01,2025-11-06
163,135,6,2025-11-07,
164,136,11,2024-10-28,
165,137,39,2024-09-01,2026-05-02
166,137,12,2026-05-03,
167,138,29,2024-09-01,2026-02-11
168,138,12,2026-02-12,
169,139,8,2024-09-01,
170,140,40,2025-05-26,
171,141,36,2024-09-01,
172,142,2,2025-03-31,2025-08-03
173,142,38,2025-08-04,
174,143,26,2024-09-01,
175,144,27,2024-10-06,
176,145,4,2024-09-01,2025-05-02
177,145,18,2025-05-03,
178,146,4,2024-09-01,
179,147,1,2024-09-01,
180,148,14,2024-09-01,
181,149,7,2024-09-01,
182,150,27,2024-09-01,2026-07-23
183,150,32,2026-07-24,
184,151,8,2025-09-19,2026-07-30
185,151,31,2026-07-31,
186,152,31,2024-09-01,
187,153,14,2024-09-01,
188,154,20,2024-09-01,2026-02-18
189,154,2,2026-02-19,
190,155,18,2025-06-08,
191,156,10,2024-09-01,2026-05-09
192,156,28,2026-05-10,
193,157,26,2024-09-01,
194,158,32,2024-12-28,
195,159,27,2024-12-18,2025-11-16
196,159,16,2025-11-17,
197,160,1,2024-09-01,
198,161,5,2024-09-01,
199,162,9,2024-09-01,
200,163,20,2024-09-01,2025-07-06
201,163,21,2025-07-07,
202,164,17,2024-09-01,
203,165,8,2026-01-24,
204,166,1,2024-09-01,
205,167,42,2026-05-19,
206,168,3,2024-09-01,
207,169,11,2024-09-01,
208,170,5,2024-09-01,
209,171,9,2024-09-01,
210,172,40,2024-09-01,
211,173,12,2026-04-22,
212,174,18,2024-09-01,2026-04-16
213,174,19,2026-04-17,
214,175,41,2024-09-01,2026-03-23
215,175,19,2026-03-24,
216,176,37,2024-11-07,2025-09-10
217,176,17,2025-09-11,
218,177,6,2024-09-01,
219,178,16,2024-09-01,
220,179,10,2024-09-01,
221,180,9,2026-04-18,
222,181,18,2025-07-18,
223,182,2,2026-06-04,2026-08-05
224,182,13,2026-08-06,
225,183,14,2026-01-27,2026-05-27
226,183,28,2026-05-28,
227,184,2,2025-09-14,
228,185,38,2024-09-01,
229,186,8,2024-09-01,
230,187,27,2024-09-01,
231,188,33,2024-09-01,
232,189,25,2026-05-23,
233,190,14,2024-09-01,
234,191,33,2024-09-01,
235,192,22,2024-09-01,
236,193,9,2024-09-01,
237,194,33,2024-09-01,
238,195,16,2024-09-01,
239,196,34,2024-09-01,
240,197,21,2024-12-05,
241,198,16,2024-12-19,
242,199,1,2024-09-01,
243,200,26,2025-05-28,
244,201,19,2024-09-01,
245,202,13,2024-09-01,
246,203,2,2024-09-01,
247,204,15,2024-09-01,
248,205,7,2025-10-12,
249,206,35,2024-09-01,
250,207,40,2025-01-18,
251,208,30,2026-06-24,
252,209,16,2024-09-01,2026-07-01
253,209,17,2026-07-02,
254,210,41,2024-09-01,2025-09-17
255,210,42,2025-09-18,
256,211,42,2024-09-01,
257,212,13,2025-06-10,
258,213,42,2024-09-01,
259,214,41,2024-09-01,
260,215,13,2024-09-01,
261,216,21,2026-06-20,
262,217,26,2024-09-01,
263,218,34,2024-09-01,
264,219,20,2026-03-18,
265,220,34,2024-09-01,
266,221,11,2024-09-01,
267,222,18,2024-09-01,
268,223,6,2024-09-01,
269,224,12,2024-09-01,
270,225,35,2024-10-26,2026-01-31
271,225,25,2026-02-01,
272,226,17,2024-09-01,
273,227,36,2024-09-01,
274,228,42,2024-09-01,
275,229,31,2024-09-01,
276,230,25,2024-09-01,
277,231,11,2024-09-01,
278,232,33,2025-03-27,
279,233,21,2025-12-12,2026-06-11
280,233,4,2026-06-12,
281,234,7,2024-09-01,2025-05-26
282,234,27,2025-05-27,
283,235,4,2024-09-01,
284,236,15,2024-09-01,
285,237,32,2024-09-01,2025-09-23
286,237,22,2025-09-24,
287,238,20,2025-11-01,
288,239,22,2025-06-09,2025-12-24
289,239,41,2025-12-25,
290,240,6,2024-09-01,
291,241,12,2024-09-01,
292,242,35,2024-09-01,
293,243,20,2025-01-31,
294,244,39,2024-09-01,
295,245,15,2024-09-01,
296,246,36,2024-09-01,2025-10-28
297,246,33,2025-10-29,
298,247,5,2024-09-01,
299,248,3,2024-09-01,2024-11-08
300,248,7,2024-11-09,
301,249,8,2024-09-01,
302,250,23,2024-09-01,2025-09-04
303,250,20,2025-09-05,
304,251,11,2024-09-01,
305,252,7,2025-07-22,
306,253,21,2024-09-01,
307,254,3,2024-09-17,
308,255,34,2024-09-01,2025-12-10
309,255,15,2025-12-11,
310,256,22,2024-09-01,
311,257,38,2026-05-05,
312,258,10,2024-09-01,
313,259,19,2025-11-25,
314,260,23,2024-09-01,
315,261,24,2024-09-01,
316,262,11,2026-05-02,
317,263,27,2024-11-15,
318,264,21,2024-09-01,
319,265,17,2024-09-01,
320,266,32,2025-09-29,2025-12-09
321,266,24,2025-12-10,
322,267,3,2024-09-01,2025-01-25
323,267,25,2025-01-26,
324,268,2,2024-09-01,2025-03-22
325,268,28,2025-03-23,
326,269,34,2024-09-01,
327,270,38,2026-01-12,
328,271,30,2024-09-01,
329,272,28,2024-10-15,
330,273,38,2024-09-01,2025-03-14
331,273,38,2025-03-15,
332,274,30,2024-09-01,
333,275,29,2024-09-01,
334,276,23,2025-12-26,
335,277,29,2024-09-01,
336,278,20,2024-09-01,
337,279,7,2024-09-01,
338,280,39,2024-09-01,2025-11-26
339,280,25,2025-11-27,
340,281,29,2024-09-01,
341,282,6,2024-09-01,
342,283,23,2025-07-22,2025-12-19
343,283,9,2025-12-20,
344,284,39,2024-09-01,
345,285,36,2024-09-01,
346,286,37,2024-09-01,
347,287,35,2025-07-08,
348,288,38,2024-09-01,2026-02-20
349,288,22,2026-02-21,
350,289,39,2024-09-01,
351,290,41,2024-09-01,
352,291,9,2026-02-13,
353,292,7,2024-09-01,2025-09-29
354,292,34,2025-09-30,
355,293,25,2026-01-09,2026-03-14
356,293,31,2026-03-15,
357,294,5,2025-06-12,
358,295,34,2024-09-01,
359,296,17,2024-09-01,
360,297,30,2024-09-01,
361,298,36,2024-09-01,
362,299,41,2024-09-01,
363,300,29,2024-09-01,
364,301,23,2024-09-01,
365,302,14,2025-08-20,
366,303,7,2024-09-01,2025-06-10
367,303,27,2025-06-11,
368,304,20,2026-06-13,
369,305,12,2024-09-01,
370,306,35,2024-09-01,
371,307,25,2025-02-01,
372,308,30,2024-09-01,
373,309,1,2024-09-01,
374,310,18,2024-09-01,
375,311,1,2024-09-01,
376,312,24,2025-11-05,
377,313,15,2024-09-01,
378,314,1,2025-02-20,2026-07-29
379,314,27,2026-07-30,
380,315,1,2024-09-01,
381,316,32,2025-01-15,
382,317,18,2024-09-01,
383,318,33,2025-01-09,
384,319,5,2025-05-25,
385,320,9,2024-09-01,
386,321,12,2024-09-01,
387,322,16,2024-09-01,
388,323,26,2024-09-01,
389,324,34,2024-09-01,
390,325,17,2024-09-01,2025-12-27
391,325,23,2025-12-28,
392,326,14,2024-09-01,
393,327,40,2024-09-01,
394,328,42,2025-02-18,
395,329,40,2024-09-01,
396,330,31,2024-09-01,2026-01-22
397,330,17,2026-01-23,
398,331,7,2024-09-01,
399,332,28,2024-09-01,
400,333,18,2024-12-17,
401,334,40,2024-09-01,
402,335,22,2024-09-01,
403,336,42,2024-09-01,
404,337,2,2026-03-20,
405,338,17,2024-09-01,
406,339,14,2025-11-10,
407,340,35,2024-09-01,
408,341,22,2024-09-01,
409,342,7,2024-10-16,2026-02-13
410,342,31,2026-02-14,
411,343,3,2024-09-01,
412,344,29,2024-09-01,
413,345,2,2026-02-23,
414,346,17,2024-09-01,
415,347,24,2024-09-01,
416,348,3,2024-09-01,
417,349,30,2024-09-01,
418,350,18,2025-01-15,2025-06-02
419,350,31,2025-06-03,
420,351,18,2024-09-01,
421,352,10,2026-06-16,
422,353,10,2024-09-01,
423,354,16,2024-09-01,2024-12-29
424,354,39,2024-12-30,
425,355,19,2024-09-01,
426,356,34,2024-09-01,2026-05-14
427,356,4,2026-05-15,
428,357,35,2024-09-01,
429,358,23,2024-09-01,
430,359,30,2024-09-01,
431,360,7,2024-09-01,
432,361,12,2024-09-01,
433,362,2,2024-09-01,2025-04-13
434,362,28,2025-04-14,
435,363,41,2024-09-01,
436,364,29,2024-09-01,
437,365,33,2024-09-01,
438,366,34,2024-09-01,
439,367,17,2025-09-04,2025-11-17
440,367,25,2025-11-18,
441,368,10,2024-09-01,
442,369,19,2024-09-01,
443,370,30,2024-09-01,
444,371,2,2024-09-01,
445,372,36,2024-09-01,2025-05-17
446,372,28,2025-05-18,
447,373,23,2024-09-01,
448,374,10,2024-09-01,2025-09-16
449,374,13,2025-09-17,
450,375,35,2024-09-01,
451,376,34,2024-09-01,2024-11-07
452,376,12,2024-11-08,
453,377,23,2024-09-01,2026-02-19
454,377,8,2026-02-20,
455,378,26,2024-09-01,
456,379,5,2024-09-01,
457,380,20,2024-09-01,
458,381,10,2024-09-01,2024-11-14
459,381,19,2024-11-15,
460,382,20,2024-09-01,2025-11-09
461,382,3,2025-11-10,
462,383,29,2025-01-23,2026-04-13
463,383,5,2026-04-14,
464,384,14,2024-09-01,
465,385,13,2024-09-01,
466,386,23,2024-09-01,2026-01-19
467,386,16,2026-01-20,
468,387,24,2024-09-01,
469,388,30,2024-09-01,
470,389,35,2025-03-10,
471,390,36,2024-11-05,
472,391,21,2024-09-01,
473,392,30,2024-09-01,
474,393,1,2024-09-01,
475,394,37,2024-09-01,
476,395,42,2024-11-29,
477,396,33,2024-09-01,
478,397,32,2024-09-01,2024-11-16
479,397,12,2024-11-17,
480,398,7,2024-09-01,
481,399,31,2025-03-20,
482,400,8,2025-05-05,
483,401,17,2024-09-01,2026-01-04
484,401,20,2026-01-05,
485,402,6,2024-09-01,
486,403,12,2024-09-01,
487,404,8,2025-01-24,
488,405,36,2026-06-07,
489,406,33,2024-09-01,
490,407,8,2024-09-01,
491,408,38,2024-09-01,
492,409,1,2024-09-01,
493,410,1,2024-09-01,
494,411,4,2024-09-01,2025-07-08
495,411,38,2025-07-09,
496,412,3,2024-09-07,2025-02-17
497,412,39,2025-02-18,
498,413,38,2025-05-15,2026-07-16
499,413,15,2026-07-17,
500,414,37,2025-11-06,
501,415,36,2025-05-01,
502,416,16,2024-12-15,
503,417,14,2024-09-01,
504,418,28,2024-09-01,
505,419,29,2024-09-01,
506,420,5,2024-09-01,
507,421,30,2024-09-01,2026-07-01
508,421,32,2026-07-02,
509,422,4,2024-09-01,2025-09-16
510,422,4,2025-09-17,
511,423,24,2024-09-01,
512,424,41,2024-09-01,
513,425,11,2025-02-14,
514,426,11,2024-09-01,
515,427,26,2024-09-01,
516,428,38,2024-09-01,
517,429,14,2024-09-01,
518,430,31,2024-09-01,
519,431,10,2024-09-01,
520,432,32,2024-09-01,
521,433,33,2024-09-01,
522,434,20,2026-06-20,
523,435,9,2024-09-01,2025-09-23
524,435,14,2025-09-24,
525,436,33,2024-09-01,2025-05-19
526,436,16,2025-05-20,
527,437,11,2024-12-05,2025-03-11
528,437,5,2025-03-12,
529,438,38,2024-09-01,2025-11-27
530,438,41,2025-11-28,
531,439,33,2025-10-02,
532,440,9,2024-09-01,
533,441,12,2024-09-01,
534,442,27,2024-09-01,2026-07-03
535,442,19,2026-07-04,
536,443,13,2024-09-01,
537,444,19,2024-09-01,
538,445,21,2024-09-01,
539,446,38,2024-09-01,
540,447,35,2024-09-01,2025-10-30
541,447,22,2025-10-31,
542,448,14,2026-05-03,
543,449,35,2024-09-01,
544,450,42,2024-09-01,
545,451,17,2024-09-01,
546,452,20,2024-09-27,
547,453,25,2024-09-01,
548,454,20,2024-09-01,
549,455,13,2026-02-17,
550,456,13,2024-09-01,
551,457,32,2024-09-01,2026-01-13
552,457,36,2026-01-14,
553,458,42,2025-07-28,
554,459,7,2024-09-01,
555,460,31,2025-08-01,
556,461,4,2024-09-01,
557,462,28,2025-03-15,
558,463,26,2024-09-01,
559,464,3,2024-09-01,
560,465,2,2024-09-01,2025-05-20
561,465,24,2025-05-21,
562,466,26,2024-09-01,
563,467,6,2024-09-01,
564,468,3,2025-06-02,
565,469,8,2024-09-14,
566,470,10,2024-09-01,2024-11-22
567,470,21,2024-11-23,
568,471,20,2024-09-01,
569,472,6,2024-09-01,2025-02-09
570,472,33,2025-02-10,
571,473,15,2024-09-01,
572,474,38,2024-09-01,
573,475,38,2024-09-01,
574,476,10,2024-09-01,
575,477,4,2024-09-01,
576,478,35,2024-09-01,
577,479,29,2025-01-02,
578,480,24,2025-05-05,
579,481,33,2024-09-01,
580,482,21,2025-02-03,
581,483,41,2024-09-01,
582,484,40,2024-11-14,2025-06-13
583,484,8,2025-06-14,
584,485,30,2024-09-01,
585,486,38,2024-09-01,
586,487,4,2024-09-01,
587,488,15,2024-10-31,
588,489,16,2026-02-02,
589,490,34,2025-11-23,
590,491,27,2024-09-01,
591,492,6,2024-09-01,
592,493,8,2025-01-24,
593,494,42,2025-03-30,2026-02-24
594,494,27,2026-02-25,
595,495,2,2024-09-01,
596,496,16,2024-09-01,
597,497,3,2024-09-01,
598,498,40,2024-09-01,2026-03-24
599,498,35,2026-03-25,
600,499,26,2024-09-01,2025-02-05
601,499,17,2025-02-06,
602,500,2,2025-04-05,
603,501,28,2024-09-01,
604,502,15,2024-09-01,
605,503,30,2024-09-01,2026-04-01
606,503,9,2026-04-02,
607,504,26,2024-09-01,
608,505,31,2024-09-01,
609,506,27,2024-09-01,
610,507,25,2024-09-01,2025-10-20
611,507,3,2025-10-21,
612,508,42,2026-04-08,
613,509,30,2024-09-01,
614,510,6,2024-09-01,
615,511,37,2024-09-01,
616,512,35,2024-09-01,
617,513,21,2024-09-01,
618,514,1,2026-03-07,2026-07-08
619,514,17,2026-07-09,
620,515,37,2024-09-01,
621,516,29,2024-09-01,2026-06-23
622,516,9,2026-06-24,
623,517,24,2024-09-01,
624,518,8,2024-09-01,2025-01-17
625,518,17,2025-01-18,
626,519,19,2024-09-01,
627,520,2,2024-09-01,
628,521,19,2024-12-30,2026-06-09
629,521,21,2026-06-10,
630,522,41,2024-09-01,
631,523,13,2024-09-01,
632,524,8,2026-04-01,
633,525,4,2024-09-01,2025-11-27
634,525,25,2025-11-28,
635,526,1,2026-05-13,
636,527,12,2024-09-01,
637,528,6,2024-09-01,
638,529,27,2024-09-01,2025-08-09
639,529,3,2025-08-10,
640,530,40,2024-09-01,
641,531,24,2024-09-01,
642,532,6,2024-09-01,2026-06-26
643,532,13,2026-06-27,
644,533,20,2024-09-01,
645,534,4,2024-09-01,2025-05-13
646,534,20,2025-05-14,
647,535,41,2024-09-01,
648,536,37,2024-09-01,2026-03-01
649,536,20,2026-03-02,
650,537,9,2024-09-01,2026-01-16
651,537,24,2026-01-17,
652,538,38,2024-09-01,
653,539,6,2024-09-01,
654,540,31,2024-09-01,
655,541,37,2024-09-01,
656,542,13,2024-09-01,
657,543,29,2024-09-01,
658,544,34,2026-05-17,
659,545,22,2024-09-01,
660,546,29,2025-07-30,
661,547,35,2025-02-22,2026-07-20
662,547,16,2026-07-21,
663,548,40,2024-09-01,
664,549,35,2024-09-01,2026-04-17
665,549,5,2026-04-18,
666,550,32,2025-08-09,
667,551,41,2026-06-03,
668,552,12,2024-09-01,
669,553,7,2024-09-01,2025-02-01
670,553,21,2025-02-02,
671,554,33,2024-09-01,
672,555,21,2025-06-23,2026-01-17
673,555,14,2026-01-18,
674,556,18,2024-09-01,
675,557,6,2024-09-01,
676,558,8,2024-09-01,
677,559,7,2024-09-01,
678,560,12,2024-09-01,
679,561,11,2024-09-01,
680,562,17,2024-09-01,
681,563,30,2024-09-01,2025-09-22
682,563,19,2025-09-23,
683,564,16,2024-09-01,2025-02-02
684,564,10,2025-02-03,
685,565,21,2024-09-01,
686,566,23,2024-09-01,
687,567,19,2024-09-01,2025-08-08
688,567,19,2025-08-09,
689,568,14,2026-06-20,
690,569,12,2026-03-26,2026-07-22
691,569,33,2026-07-23,
692,570,42,2024-09-01,
693,571,2,2024-09-01,
694,572,2,2025-11-25,
695,573,38,2026-01-14,
696,574,39,2024-09-01,
697,575,4,2024-09-01,
698,576,6,2024-09-01,
699,577,30,2024-09-01,2025-06-06
700,577,26,2025-06-07,
701,578,38,2024-09-01,
702,579,7,2024-09-01,
703,580,3,2024-09-01,
704,581,33,2024-09-01,
705,582,21,2025-08-29,
706,583,14,2024-09-01,
707,584,14,2024-09-01,
708,585,31,2024-09-01,
709,586,38,2024-09-01,
710,587,23,2026-01-11,
711,588,1,2025-05-03,
712,589,20,2024-09-01,
713,590,29,2024-09-01,
714,591,21,2026-04-19,
715,592,32,2025-06-28,
716,593,3,2024-09-01,2026-03-10
717,593,7,2026-03-11,
718,594,21,2024-09-01,2024-11-07
719,594,1,2024-11-08,
720,595,26,2024-09-01,2024-12-05
721,595,38,2024-12-06,
722,596,27,2024-09-01,
723,597,7,2024-09-01,2026-06-23
724,597,37,2026-06-24,
725,598,11,2024-09-01,
726,599,10,2024-09-01,
727,600,15,2024-09-01,
728,601,25,2024-09-01,2025-02-20
729,601,24,2025-02-21,
730,602,29,2024-09-01,
731,603,29,2024-09-01,
732,604,19,2024-09-01,
733,605,13,2024-09-01,
734,606,33,2026-07-02,
735,607,29,2025-08-02,
736,608,2,2024-10-09,
737,609,20,2024-09-01,
738,610,23,2024-11-06,2025-01-13
739,610,16,2025-01-14,
740,611,14,2024-09-01,
741,612,21,2024-09-01,
742,613,2,2024-09-01,2025-06-20
743,613,11,2025-06-21,
744,614,37,2024-12-21,2025-04-10
745,614,7,2025-04-11,
746,615,8,2024-09-01,
747,616,18,2025-02-02,
748,617,18,2026-03-20,2026-07-02
749,617,33,2026-07-03,
750,618,10,2024-09-01,2025-04-18
751,618,6,2025-04-19,
752,619,24,2024-09-01,2024-12-13
753,619,36,2024-12-14,
754,620,35,2024-09-01,
755,621,1,2025-06-16,
756,622,35,2024-09-01,
757,623,4,2024-09-01,
758,624,24,2024-09-01,
759,625,15,2024-09-01,
760,626,7,2024-09-01,
761,627,4,2025-09-30,2026-06-01
762,627,7,2026-06-02,
763,628,20,2024-09-01,
764,629,9,2024-09-01,
765,630,36,2025-09-14,
766,631,26,2024-09-01,
767,632,10,2024-09-04,
768,633,31,2024-09-01,
769,634,17,2024-09-01,
770,635,2,2024-09-01,
771,636,17,2024-09-01,
772,637,22,2024-09-01,2025-08-29
773,637,39,2025-08-30,
774,638,40,2026-01-17,
775,639,39,2024-09-01,
776,640,38,2024-09-01,
777,641,15,2024-09-01,
778,642,25,2024-09-01,2026-02-01
779,642,26,2026-02-02,
780,643,37,2024-09-01,
781,644,27,2025-06-01,
782,645,36,2025-09-16,
783,646,5,2024-09-01,
784,647,40,2024-09-01,
785,648,27,2024-09-01,
786,649,22,2024-09-01,
787,650,41,2024-09-01,
788,651,28,2024-09-01,
789,652,41,2024-09-01,
790,653,2,2025-10-02,
791,654,21,2026-02-20,
792,655,23,2024-09-01,
793,656,33,2024-09-01,
794,657,5,2025-01-09,
795,658,41,2024-09-01,
796,659,16,2024-09-01,
797,660,41,2026-01-15,
798,661,14,2024-09-01,
799,662,21,2024-09-01,2026-05-02
800,662,42,2026-05-03,
801,663,23,2025-05-19,2025-09-13
802,663,9,2025-09-14,
803,664,30,2024-09-01,
804,665,33,2024-09-01,
805,666,7,2024-09-01,
806,667,27,2024-09-01,
807,668,40,2024-09-01,
808,669,12,2024-09-01,
809,670,2,2024-09-01,
810,671,27,2024-12-04,2025-08-18
811,671,10,2025-08-19,
812,672,42,2025-03-11,2025-12-31
813,672,18,2026-01-01,
814,673,26,2025-02-27,
815,674,26,2024-09-01,2026-04-26
816,674,10,2026-04-27,
817,675,24,2024-09-17,
818,676,3,2024-09-01,2026-04-21
819,676,29,2026-04-22,
820,677,41,2024-09-01,
821,678,40,2026-02-12,
822,679,27,2024-09-01,
823,680,6,2024-09-01,
824,681,37,2024-09-23,
825,682,8,2024-09-01,2024-12-09
826,682,35,2024-12-10,
827,683,32,2024-09-01,
828,684,3,2024-09-01,2026-04-28
829,684,38,2026-04-29,
830,685,38,2024-09-01,
831,686,27,2025-08-13,
832,687,2,2025-12-04,2026-07-21
833,687,16,2026-07-22,
834,688,5,2024-10-03,
835,689,35,2025-01-22,
836,690,36,2024-09-01,
837,691,36,2024-09-01,2026-04-19
838,691,18,2026-04-20,
839,692,10,2024-09-03,2026-04-09
840,692,41,2026-04-10,
841,693,25,2025-03-25,
842,694,4,2024-09-01,
843,695,19,2024-09-01,
844,696,25,2024-09-01,2025-10-27
845,696,27,2025-10-28,
846,697,15,2024-09-01,
847,698,33,2024-09-01,
848,699,6,2024-09-01,
849,700,41,2025-06-11,
850,701,38,2026-04-26,2026-07-22
851,701,10,2026-07-23,
852,702,29,2026-02-04,
853,703,42,2024-09-01,
854,704,24,2024-09-01,
855,705,32,2024-09-01,
856,706,38,2024-09-01,
857,707,18,2024-09-01,
858,708,17,2024-09-01,
859,709,1,2025-07-11,
860,710,11,2024-09-01,
861,711,12,2024-09-01,
862,712,6,2024-09-07,
863,713,34,2024-09-01,2025-03-29
864,713,27,2025-03-30,
865,714,1,2024-09-01,
866,715,31,2024-09-01,
867,716,11,2025-01-08,
868,717,40,2024-09-01,
869,718,28,2024-09-01,
870,719,34,2026-06-08,2026-09-02
871,719,20,2026-09-03,
872,720,7,2025-06-23,
873,721,40,2024-09-01,
874,722,26,2024-09-01,
875,723,3,2024-09-01,
876,724,34,2025-05-07,
877,725,33,2024-09-01,
878,726,11,2024-09-01,
879,727,37,2024-09-01,
880,728,29,2025-10-22,
881,729,19,2024-09-01,2026-07-12
882,729,23,2026-07-13,
883,730,19,2024-10-30,
884,731,41,2025-02-09,
885,732,5,2025-10-10,
886,733,11,2025-04-06,
887,734,25,2024-09-01,
888,735,12,2025-09-15,
889,736,37,2024-09-01,2026-03-11
890,736,28,2026-03-12,
891,737,23,2024-09-01,
892,738,22,2024-09-01,
893,739,17,2024-09-01,
894,740,24,2024-09-01,
895,741,33,2024-09-01,
896,742,18,2024-09-01,2024-12-27
897,742,39,2024-12-28,
898,743,39,2025-09-13,
899,744,15,2024-09-01,2026-05-07
900,744,37,2026-05-08,
901,745,16,2024-09-01,2025-11-05
902,745,16,2025-11-06,
903,746,3,2024-09-01,
904,747,33,2024-09-01,
905,748,25,2024-09-01,
906,749,24,2024-09-01,
907,750,14,2024-09-01,
908,751,33,2024-09-01,
909,752,28,2024-09-01,
910,753,39,2024-09-01,2025-08-17
911,753,12,2025-08-18,
912,754,24,2024-09-01,
913,755,33,2026-06-21,
914,756,28,2024-09-01,
915,757,22,2024-09-01,
916,758,25,2026-01-30,
917,759,31,2024-09-01,2026-02-04
918,759,42,2026-02-05,
919,760,24,2024-09-01,
920,761,9,2024-09-01,
921,762,3,2024-09-01,
922,763,23,2024-09-01,
923,764,7,2025-07-12,
924,765,16,2024-09-01,
925,766,37,2024-09-01,
926,767,31,2024-09-01,
927,768,38,2024-09-01,
928,769,3,2024-09-01,
929,770,20,2024-09-01,
930,771,5,2024-09-01,
931,772,23,2024-09-01,
932,773,1,2024-09-01,
933,774,28,2024-09-01,2024-11-07
934,774,32,2024-11-08,
935,775,42,2026-04-24,
936,776,34,2024-10-20,
937,777,25,2026-05-26,
938,778,18,2024-09-01,
939,779,6,2026-04-29,
940,780,28,2025-09-03,
941,781,33,2024-09-01,
942,782,39,2024-10-31,
943,783,13,2024-09-01,
944,784,2,2026-02-11,
945,785,17,2024-09-01,
946,786,39,2024-09-01,
947,787,16,2024-09-01,
948,788,17,2024-09-01,2026-02-28
949,788,2,2026-03-01,
950,789,29,2026-04-27,
951,790,2,2024-09-01,
952,791,13,2024-09-01,
953,792,6,2024-09-01,
954,793,8,2024-09-01,
955,794,25,2025-12-30,
956,795,28,2024-09-01,
957,796,25,2024-09-01,
958,797,6,2025-12-08,
959,798,29,2024-09-01,
960,799,18,2024-09-01,
961,800,42,2024-09-01,
962,801,2,2024-09-01,
963,802,22,2024-09-01,
964,803,20,2026-01-03,
965,804,1,2024-09-01,
966,805,42,2024-09-01,2024-12-07
967,805,1,2024-12-08,
968,806,3,2024-09-01,2025-04-03
969,806,27,2025-04-04,
970,807,1,2025-11-10,
971,808,12,2024-09-01,2025-02-27
972,808,8,2025-02-28,
973,809,40,2024-09-01,
974,810,25,2024-09-01,
975,811,36,2024-09-01,
976,812,1,2024-09-01,
977,813,39,2024-09-01,2024-12-24
978,813,20,2024-12-25,
979,814,11,2026-06-12,
980,815,27,2024-09-01,
981,816,27,2024-09-01,
982,817,18,2025-01-14,
983,818,20,2024-09-01,
984,819,41,2024-09-01,
985,820,3,2024-09-01,
986,821,38,2024-09-01,
987,822,10,2024-09-01,
988,823,39,2024-09-01,2024-11-14
989,823,11,2024-11-15,
990,824,5,2026-05-02,
991,825,40,2024-09-01,
992,826,21,2024-09-01,
993,827,2,2024-09-01,
994,828,27,2024-09-01,
995,829,16,2024-09-01,
996,830,14,2024-09-01,2026-01-03
997,830,8,2026-01-04,
998,831,42,2024-09-01,
999,832,13,2024-09-01,
1000,833,31,2024-09-01,2025-10-15
1001,833,30,2025-10-16,
1002,834,31,2024-09-01,
1003,835,6,2024-09-01,
1004,836,28,2024-09-01,2025-08-19
1005,836,21,2025-08-20,
1006,837,37,2024-09-01,
1007,838,42,2025-06-17,
1008,839,41,2026-04-16,
1009,840,18,2024-09-01,
1010,841,6,2025-10-02,
1011,842,42,2024-09-01,
1012,843,15,2025-03-11,
1013,844,7,2024-12-29,
1014,845,21,2024-09-01,
1015,846,11,2025-08-19,
1016,847,41,2024-12-24,
1017,848,5,2024-09-01,
1018,849,17,2025-04-07,
1019,850,24,2024-09-01,
1020,851,2,2025-08-10,
1021,852,41,2024-09-01,
1022,853,30,2024-09-01,2025-08-14
1023,853,2,2025-08-15,
1024,854,7,2026-04-19,
1025,855,13,2024-09-01,
1026,856,30,2024-09-01,
1027,857,6,2025-05-10,2025-10-03
1028,857,34,2025-10-04,
1029,858,41,2024-09-01,
1030,859,5,2024-09-09,
1031,860,34,2025-09-12,
1032,861,40,2024-09-01,
1033,862,29,2024-09-01,2026-01-03
1034,862,2,2026-01-04,
1035,863,7,2024-09-01,
1036,864,40,2024-09-01,
1037,865,24,2025-03-22,
1038,866,20,2025-11-28,
1039,867,23,2024-09-01,
1040,868,21,2024-09-01,
1041,869,24,2024-09-01,
1042,870,1,2026-06-13,
1043,871,10,2025-09-30,2026-05-28
1044,871,25,2026-05-29,
1045,872,23,2024-09-01,
1046,873,38,2024-09-01,
1047,874,21,2024-09-01,
1048,875,18,2024-09-01,
1049,876,1,2025-01-27,
1050,877,1,2024-09-01,
1051,878,38,2024-09-01,
1052,879,39,2025-08-25,2026-07-15
1053,879,9,2026-07-16,
1054,880,8,2025-08-05,
1055,881,20,2024-09-01,
1056,882,38,2024-12-16,
1057,883,42,2024-09-11,
1058,884,28,2024-09-01,2024-11-10
1059,884,33,2024-11-11,
1060,885,16,2024-11-14,
1061,886,31,2025-04-26,
1062,887,9,2025-05-28,
1063,888,22,2026-02-15,2026-06-23
1064,888,33,2026-06-24,
1065,889,15,2024-09-01,2026-06-26
1066,889,22,2026-06-27,
1067,890,16,2024-09-30,
1068,891,38,2024-09-01,
1069,892,3,2024-09-01,2025-12-01
1070,892,15,2025-12-02,
1071,893,39,2024-10-19,
1072,894,27,2024-09-01,
1073,895,15,2025-07-26,
1074,896,17,2024-09-01,
1075,897,42,2026-05-06,
1076,898,29,2024-09-01,
1077,899,21,2024-09-01,
1078,900,13,2024-09-01,
1079,901,11,2024-09-01,2025-08-04
1080,901,2,2025-08-05,
1081,902,37,2025-07-19,2025-10-03
1082,902,33,2025-10-04,
1083,903,37,2025-07-10,
1084,904,32,2024-09-01,
1085,905,20,2025-10-11,
1086,906,34,2024-09-01,2026-03-23
1087,906,34,2026-03-24,
1088,907,10,2024-09-01,
1089,908,29,2024-09-01,
1090,909,34,2024-09-01,
1091,910,25,2024-09-01,
1092,911,3,2024-09-01,
1093,912,36,2026-05-03,
1094,913,3,2024-09-01,
1095,914,8,2024-09-01,
1096,915,7,2024-09-01,
1097,916,38,2024-09-01,
1098,917,38,2025-03-28,
1099,918,15,2024-09-01,2026-03-26
1100,918,25,2026-03-27,
1101,919,14,2024-09-01,
1102,920,33,2024-09-01,
1103,921,15,2024-09-01,
1104,922,16,2024-09-01,
1105,923,10,2024-09-01,
1106,924,33,2024-09-01,
1107,925,42,2025-11-30,
1108,926,35,2024-09-01,2025-07-21
1109,926,24,2025-07-22,
1110,927,32,2024-09-01,
1111,928,30,2024-09-01,
1112,929,35,2026-04-21,
1113,930,35,2024-09-01,
1114,931,24,2024-09-01,2026-02-11
1115,931,20,2026-02-12,
1116,932,21,2025-09-18,2026-05-05
1117,932,12,2026-05-06,
1118,933,19,2026-04-11,
1119,934,5,2024-09-01,
1120,935,29,2024-09-01,
1121,936,2,2026-05-22,
1122,937,2,2024-09-01,
1123,938,1,2026-01-16,
1124,939,16,2024-09-01,
1125,940,9,2024-09-01,
1126,941,31,2024-09-01,
1127,942,7,2024-09-01,
1128,943,12,2026-01-20,
1129,944,15,2024-09-01,2026-07-31
1130,944,20,2026-08-01,
1131,945,36,2025-09-27,
1132,946,33,2026-03-11,
1133,947,16,2024-12-05,
1134,948,3,2024-09-01,
1135,949,3,2024-09-01,
1136,950,39,2024-09-01,
1137,951,42,2024-09-01,
1138,952,42,2024-09-01,
1139,953,35,2024-09-01,2026-03-30
1140,953,5,2026-03-31,
1141,954,19,2024-09-01,
1142,955,41,2025-06-26,2025-11-17
1143,955,31,2025-11-18,
1144,956,2,2026-01-20,2026-04-18
1145,956,14,2026-04-19,
1146,957,33,2026-05-05,
1147,958,9,2024-09-01,2025-03-13
1148,958,35,2025-03-14,
1149,959,16,2024-09-01,
1150,960,28,2025-10-06,
1151,961,28,2026-05-28,
1152,962,33,2025-05-29,
1153,963,18,2024-09-01,
1154,964,35,2024-09-01,
1155,965,19,2024-09-01,
1156,966,6,2024-09-01,
1157,967,13,2025-11-04,
1158,968,9,2024-09-01,2025-04-27
1159,968,18,2025-04-28,
1160,969,36,2024-09-01,2025-04-12
1161,969,30,2025-04-13,
1162,970,19,2024-09-01,2026-04-05
1163,970,24,2026-04-06,
1164,971,25,2024-09-14,
1165,972,9,2024-09-01,
1166,973,32,2025-12-24,
1167,974,17,2024-09-01,
1168,975,16,2025-01-17,
1169,976,19,2024-09-01,2024-12-22
1170,976,22,2024-12-23,
1171,977,2,2024-09-01,2024-12-25
1172,977,38,2024-12-26,
1173,978,1,2024-12-13,
1174,979,36,2024-09-01,
1175,980,19,2024-09-01,
1176,981,13,2024-09-01,
1177,982,29,2024-09-01,
1178,983,24,2024-09-01,2025-05-01
1179,983,42,2025-05-02,
1180,984,25,2024-09-01,
1181,985,37,2025-08-09,2025-12-28
1182,985,28,2025-12-29,
1183,986,5,2024-09-01,
1184,987,6,2024-09-01,
1185,988,17,2025-06-29,2026-06-01
1186,988,42,2026-06-02,
1187,989,9,2024-09-01,
1188,990,12,2024-09-01,
1189,991,33,2024-09-01,
1190,992,4,2024-09-01,2025-06-09
1191,992,28,2025-06-10,
1192,993,42,2024-09-01,2026-07-09
1193,993,38,2026-07-10,
1194,994,37,2024-09-01,
1195,995,14,2025-02-25,2025-08-13
1196,995,38,2025-08-14,
1197,996,33,2024-09-01,
1198,997,18,2025-06-03,
1199,998,42,2024-09-01,
1200,999,7,2024-09-01,
1201,1000,11,2024-09-01,2026-01-03
1202,1000,42,2026-01-04,
1203,1001,1,2024-09-01,
1204,1002,29,2024-09-01,
1205,1003,27,2024-09-01,
1206,1004,29,2024-09-01,
1207,1005,26,2024-09-01,
1208,1006,42,2024-09-01,
1209,1007,1,2024-09-01,
1210,1008,3,2024-09-01,
1211,1009,7,2025-11-08,
1212,1010,42,2024-09-01,
1213,1011,37,2024-09-01,
1214,1012,16,2024-09-01,
1215,1013,6,2024-09-01,2026-07-27
1216,1013,38,2026-07-28,
1217,1014,33,2024-09-01,
1218,1015,6,2024-09-01,
1219,1016,28,2024-09-01,
1220,1017,1,2024-09-01,
1221,1018,9,2024-09-01,2025-01-15
1222,1018,7,2025-01-16,
1223,1019,42,2024-09-01,2025-03-22
1224,1019,23,2025-03-23,
1225,1020,29,2024-09-01,
1226,1021,33,2024-09-01,
1227,1022,18,2026-04-29,
1228,1023,32,2024-09-01,
1229,1024,21,2024-09-01,
1230,1025,24,2024-09-01,
1231,1026,5,2024-09-01,
1232,1027,15,2024-09-01,
1233,1028,22,2024-09-01,
1234,1029,10,2026-03-19,
1235,1030,1,2024-09-01,
1236,1031,24,2024-09-01,
1237,1032,5,2024-09-01,2025-09-08
1238,1032,37,2025-09-09,
1239,1033,17,2024-09-01,
1240,1034,24,2024-09-01,
1241,1035,1,2024-09-01,
1242,1036,28,2024-09-01,
1243,1037,24,2024-09-01,2025-04-23
1244,1037,22,2025-04-24,
1245,1038,20,2024-09-01,
1246,1039,10,2024-10-24,
1247,1040,36,2024-09-01,2025-06-20
1248,1040,10,2025-06-21,
1249,1041,27,2024-09-01,2026-06-05
1250,1041,31,2026-06-06,
1251,1042,42,2024-09-01,
1252,1043,19,2024-09-01,
1253,1044,2,2024-09-01,
1254,1045,30,2024-09-01,
1255,1046,41,2026-05-13,
1256,1047,13,2024-09-01,
1257,1048,23,2024-09-01,2025-02-09
1258,1048,34,2025-02-10,
1259,1049,36,2024-09-01,
1260,1050,26,2024-09-01,
1261,1051,6,2024-09-01,2026-07-05
1262,1051,29,2026-07-06,
1263,1052,28,2024-09-01,
1264,1053,3,2024-09-01,2026-04-13
1265,1053,28,2026-04-14,
1266,1054,28,2026-01-19,
1267,1055,42,2025-08-28,
1268,1056,42,2025-01-11,
1269,1057,24,2024-09-01,
1270,1058,36,2024-09-01,2026-06-14
1271,1058,36,2026-06-15,
1272,1059,23,2024-09-01,
1273,1060,30,2024-09-01,
1274,1061,7,2024-09-01,
1275,1062,11,2025-10-04,2026-04-14
1276,1062,26,2026-04-15,
1277,1063,36,2024-09-01,
1278,1064,41,2026-01-29,
1279,1065,23,2024-09-01,
1280,1066,23,2025-04-11,2026-07-11
1281,1066,38,2026-07-12,
1282,1067,16,2025-01-13,
1283,1068,26,2024-09-01,
1284,1069,16,2026-02-21,2026-06-29
1285,1069,1,2026-06-30,
1286,1070,17,2025-07-30,
1287,1071,1,2025-10-16,
1288,1072,12,2024-09-01,
1289,1073,9,2024-09-01,
1290,1074,18,2024-09-01,
1291,1075,3,2024-09-01,2025-03-03
1292,1075,6,2025-03-04,
1293,1076,24,2024-09-01,
1294,1077,27,2024-09-01,
1295,1078,41,2024-12-08,2025-04-12
1296,1078,2,2025-04-13,
1297,1079,33,2024-09-01,
1298,1080,24,2025-11-29,
1299,1081,39,2024-09-01,
1300,1082,13,2024-09-01,
1301,1083,15,2024-09-01,
1302,1084,34,2024-09-01,2025-03-30
1303,1084,17,2025-03-31,
1304,1085,2,2026-04-04,2026-06-20
1305,1085,32,2026-06-21,
1306,1086,26,2026-03-21,
1307,1087,26,2024-09-01,
1308,1088,17,2024-09-01,
1309,1089,22,2026-06-05,
1310,1090,2,2024-09-01,2025-09-22
1311,1090,11,2025-09-23,
1312,1091,37,2024-09-01,
1313,1092,42,2024-09-01,
1314,1093,30,2024-09-01,
1315,1094,1,2024-09-01,
1316,1095,7,2024-09-01,
1317,1096,5,2025-07-18,2026-04-30
1318,1096,21,2026-05-01,
1319,1097,1,2024-09-01,
1320,1098,13,2024-09-01,2024-11-01
1321,1098,27,2024-11-02,
1322,1099,7,2024-09-01,
1323,1100,15,2024-09-01,
1324,1101,23,2024-09-01,
1325,1102,40,2024-09-01,
1326,1103,8,2024-09-01,
1327,1104,31,2024-09-01,
1328,1105,8,2024-12-07,
1329,1106,19,2025-01-18,2026-04-28
1330,1106,6,2026-04-29,
1331,1107,25,2024-12-13,
1332,1108,21,2024-09-01,
1333,1109,13,2024-09-01,
1334,1110,24,2025-11-01,
1335,1111,40,2026-06-12,
1336,1112,9,2024-09-01,
1337,1113,2,2024-09-01,
1338,1114,39,2024-09-01,
1339,1115,13,2024-09-01,
1340,1116,21,2025-10-29,
1341,1117,28,2024-09-01,2026-04-30
1342,1117,39,2026-05-01,
1343,1118,36,2026-03-31,2026-07-31
1344,1118,21,2026-08-01,
1345,1119,2,2024-09-01,2026-05-19
1346,1119,8,2026-05-20,
1347,1120,3,2024-09-01,
1348,1121,11,2024-09-01,
1349,1122,16,2024-09-01,
1350,1123,18,2024-09-01,
1351,1124,23,2024-09-01,
1352,1125,31,2024-09-01,
1353,1126,41,2024-09-01,
1354,1127,24,2024-09-01,
1355,1128,32,2024-09-01,2026-03-24
1356,1128,23,2026-03-25,
1357,1129,20,2024-12-04,
1358,1130,21,2024-09-01,
1359,1131,31,2024-09-01,
1360,1132,4,2024-09-01,2025-04-24
1361,1132,28,2025-04-25,
1362,1133,1,2024-09-01,
1363,1134,35,2024-10-20,
1364,1135,40,2025-09-02,2026-07-21
1365,1135,34,2026-07-22,
1366,1136,13,2025-01-23,
1367,1137,36,2024-09-01,
1368,1138,29,2024-09-01,
1369,1139,26,2024-09-01,
1370,1140,21,2025-04-25,
1371,1141,6,2024-11-03,
1372,1142,17,2024-09-01,
1373,1143,15,2024-09-01,2025-05-18
1374,1143,8,2025-05-19,
1375,1144,10,2024-11-28,
1376,1145,33,2024-09-01,
1377,1146,37,2024-10-12,
1378,1147,17,2026-01-04,
1379,1148,32,2024-09-01,
1380,1149,22,2024-09-01,
1381,1150,7,2024-09-01,
1382,1151,39,2024-09-01,
1383,1152,20,2025-04-24,
1384,1153,35,2024-09-01,2026-03-07
1385,1153,14,2026-03-08,
1386,1154,30,2024-09-01,
1387,1155,2,2024-09-01,
1388,1156,28,2024-09-01,
1389,1157,38,2026-06-12,2026-09-01
1390,1157,18,2026-09-02,
1391,1158,11,2024-09-01,
1392,1159,34,2024-09-01,
1393,1160,2,2024-09-01,
1394,1161,38,2024-09-01,
1395,1162,1,2024-09-01,
1396,1163,26,2024-09-01,
1397,1164,34,2024-11-24,
1398,1165,26,2025-09-09,
1399,1166,18,2024-09-01,2025-03-09
1400,1166,36,2025-03-10,
1401,1167,14,2024-12-26,
1402,1168,14,2024-09-01,
1403,1169,4,2024-09-01,2026-06-13
1404,1169,12,2026-06-14,
1405,1170,31,2024-09-01,2026-04-16
1406,1170,21,2026-04-17,
1407,1171,10,2024-09-01,
1408,1172,39,2024-09-01,
1409,1173,21,2025-05-27,
1410,1174,10,2024-09-01,
1411,1175,26,2024-09-01,
1412,1176,11,2024-09-01,2025-04-19
1413,1176,23,2025-04-20,
1414,1177,32,2024-09-01,
1415,1178,5,2025-07-29,
1416,1179,29,2024-09-01,
1417,1180,8,2024-09-01,
1418,1181,22,2025-02-01,
1419,1182,26,2024-09-01,
1420,1183,29,2024-09-01,
1421,1184,25,2024-09-01,
1422,1185,3,2024-09-01,
1423,1186,8,2024-09-01,
1424,1187,34,2024-09-01,
1425,1188,16,2025-01-14,
1426,1189,27,2025-05-03,
1427,1190,11,2025-08-25,
1428,1191,33,2025-03-10,
1429,1192,14,2025-11-27,
1430,1193,5,2025-08-04,
1431,1194,29,2024-09-01,2026-05-14
1432,1194,14,2026-05-15,
1433,1195,1,2025-08-06,2026-01-11
1434,1195,2,2026-01-12,
1435,1196,41,2024-09-01,
1436,1197,20,2024-09-01,
1437,1198,21,2024-09-01,
1438,1199,26,2024-09-01,
1439,1200,32,2024-09-01,
1440,1201,34,2024-09-01,2026-05-12
1441,1201,30,2026-05-13,
1442,1202,21,2024-09-01,
1443,1203,35,2024-09-01,
1444,1204,13,2024-09-01,
1445,1205,7,2024-09-01,
1446,1206,42,2024-09-01,
1447,1207,40,2024-09-01,2025-03-11
1448,1207,6,2025-03-12,
1449,1208,21,2024-09-01,
1450,1209,16,2024-09-01,
1451,1210,10,2024-09-01,
1452,1211,1,2024-09-01,
1453,1212,14,2024-09-01,
1454,1213,7,2025-04-05,
1455,1214,25,2026-05-22,
1456,1215,10,2024-09-01,
1457,1216,38,2024-09-01,
1458,1217,15,2024-09-01,
1459,1218,5,2024-09-01,
1460,1219,38,2024-09-01,
1461,1220,9,2024-09-01,2025-08-27
1462,1220,34,2025-08-28,
1463,1221,8,2024-09-01,
1464,1222,5,2024-09-01,2026-01-12
1465,1222,12,2026-01-13,
1466,1223,36,2024-09-01,
1467,1224,24,2024-09-01,
1468,1225,42,2024-09-01,2025-11-15
1469,1225,35,2025-11-16,
1470,1226,39,2024-09-01,
1471,1227,27,2024-09-01,
1472,1228,37,2024-09-01,
1473,1229,11,2024-09-01,
1474,1230,42,2024-09-01,
1475,1231,1,2024-09-01,2025-12-20
1476,1231,27,2025-12-21,
1477,1232,40,2024-09-01,
1478,1233,14,2024-11-21,2026-04-17
1479,1233,14,2026-04-18,
1480,1234,37,2024-09-01,
1481,1235,37,2024-09-01,
1482,1236,28,2024-09-01,
1483,1237,37,2024-09-01,2025-01-07
1484,1237,14,2025-01-08,
1485,1238,30,2024-09-01,
1486,1239,5,2024-09-01,
1487,1240,35,2024-09-01,
1488,1241,38,2024-09-01,
1489,1242,5,2024-09-01,
1490,1243,23,2024-09-01,
1491,1244,25,2024-09-01,
1492,1245,22,2024-09-01,2026-04-29
1493,1245,12,2026-04-30,
1494,1246,9,2024-09-01,
1495,1247,1,2024-09-01,
1496,1248,18,2024-09-01,
1497,1249,15,2024-11-25,2025-06-05
1498,1249,17,2025-06-06,
1499,1250,37,2024-09-01,
1500,1251,29,2025-07-12,
1501,1252,33,2024-09-01,
1502,1253,12,2026-06-12,
1503,1254,36,2024-09-01,
1504,1255,42,2025-09-03,
1505,1256,23,2025-10-04,
1506,1257,10,2024-09-01,2025-01-02
1507,1257,42,2025-01-03,
1508,1258,38,2024-09-01,2025-08-03
1509,1258,31,2025-08-04,
1510,1259,15,2024-09-01,
1511,1260,9,2024-09-01,
1512,1261,12,2024-09-01,2026-06-06
1513,1261,24,2026-06-07,
1514,1262,35,2026-06-14,
1515,1263,40,2024-09-01,2025-02-14
1516,1263,24,2025-02-15,
1517,1264,5,2024-09-01,
1518,1265,19,2024-09-01,
1519,1266,38,2024-09-01,
1520,1267,9,2024-09-01,2025-12-21
1521,1267,35,2025-12-22,
1522,1268,27,2024-09-01,
1523,1269,27,2024-09-01,
1524,1270,16,2024-09-01,
1525,1271,39,2024-09-01,
1526,1272,24,2024-09-01,2025-10-31
1527,1272,38,2025-11-01,
1528,1273,34,2024-11-13,
1529,1274,12,2024-09-01,
1530,1275,4,2024-09-01,
1531,1276,37,2024-09-01,
1532,1277,5,2024-09-01,
1533,1278,26,2024-09-01,
1534,1279,7,2026-03-01,
1535,1280,30,2024-09-01,
1536,1281,29,2025-08-17,
1537,1282,11,2024-09-01,
1538,1283,19,2024-09-01,2026-01-13
1539,1283,26,2026-01-14,
1540,1284,41,2026-05-01,
1541,1285,29,2024-09-01,
1542,1286,19,2024-09-01,
1543,1287,22,2024-09-01,
1544,1288,1,2025-04-25,2025-12-23
1545,1288,2,2025-12-24,
1546,1289,18,2024-09-01,
1547,1290,4,2024-09-01,
1548,1291,7,2025-08-01,
1549,1292,9,2024-09-01,
1550,1293,26,2024-09-01,
1551,1294,40,2024-09-01,
1552,1295,3,2024-09-01,
1553,1296,30,2026-05-02,
1554,1297,24,2024-09-01,
1555,1298,33,2024-09-01,
1556,1299,39,2024-09-01,
1557,1300,13,2024-09-01,
1558,1301,40,2024-09-01,
1559,1302,15,2024-09-01,
1560,1303,9,2024-09-01,
1561,1304,12,2024-09-01,
1562,1305,8,2024-09-01,
1563,1306,41,2024-09-01,
1564,1307,32,2024-09-01,
1565,1308,16,2026-04-10,
1566,1309,17,2024-09-01,2025-07-10
1567,1309,39,2025-07-11,
1568,1310,38,2026-03-30,
1569,1311,5,2024-09-01,2025-12-27
1570,1311,15,2025-12-28,
1571,1312,3,2024-09-01,
1572,1313,39,2024-09-01,
1573,1314,29,2025-12-27,
1574,1315,30,2024-09-01,
1575,1316,4,2024-09-01,
1576,1317,40,2024-09-01,
1577,1318,31,2024-09-01,
1578,1319,4,2024-09-01,
1579,1320,42,2024-09-01,2026-02-18
1580,1320,5,2026-02-19,
1581,1321,27,2024-09-01,
1582,1322,42,2025-01-14,
1583,1323,37,2024-09-01,
1584,1324,18,2026-01-23,
1585,1325,4,2025-01-13,
1586,1326,22,2024-09-01,
1587,1327,11,2025-10-06,
1588,1328,29,2024-09-01,
1589,1329,9,2024-09-01,2026-01-26
1590,1329,33,2026-01-27,
1591,1330,19,2024-09-01,2026-02-15
1592,1330,8,2026-02-16,
1593,1331,30,2024-09-01,
1594,1332,5,2024-09-01,2025-10-16
1595,1332,26,2025-10-17,
1596,1333,20,2024-10-30,
1597,1334,27,2025-03-27,
1598,1335,8,2024-09-01,
1599,1336,15,2025-05-14,
1600,1337,35,2025-10-18,
1601,1338,15,2024-09-01,
1602,1339,6,2024-11-15,
1603,1340,21,2024-09-01,
1604,1341,39,2024-11-11,
1605,1342,33,2024-09-01,
1606,1343,31,2024-09-01,
1607,1344,1,2026-06-08,2026-08-10
1608,1344,24,2026-08-11,
1609,1345,7,2024-09-01,
1610,1346,36,2024-09-01,
1611,1347,36,2024-09-01,2025-12-07
1612,1347,3,2025-12-08,
1613,1348,11,2024-09-01,
1614,1349,16,2024-09-01,
1615,1350,19,2024-09-01,2025-02-24
1616,1350,1,2025-02-25,
1617,1351,11,2024-09-01,2025-01-13
1618,1351,15,2025-01-14,
1619,1352,37,2024-09-01,2025-12-25
1620,1352,2,2025-12-26,
1621,1353,41,2024-09-01,
1622,1354,9,2024-09-01,2026-04-23
1623,1354,40,2026-04-24,
1624,1355,13,2024-09-01,
1625,1356,39,2024-11-13,
1626,1357,32,2024-09-01,
1627,1358,27,2024-09-01,
1628,1359,10,2024-09-01,
1629,1360,15,2024-09-01,
1630,1361,4,2025-03-14,
1631,1362,1,2024-09-01,2025-05-26
1632,1362,11,2025-05-27,
1633,1363,35,2025-02-12,
1634,1364,11,2024-09-01,2025-07-31
1635,1364,1,2025-08-01,
1636,1365,3,2024-09-01,
1637,1366,9,2024-09-01,2025-02-03
1638,1366,31,2025-02-04,
1639,1367,20,2024-10-10,
1640,1368,26,2024-09-01,2025-12-14
1641,1368,18,2025-12-15,
1642,1369,38,2024-09-01,
1643,1370,33,2024-09-07,
1644,1371,17,2024-09-01,
1645,1372,28,2024-09-01,
1646,1373,41,2026-05-01,
1647,1374,11,2024-09-01,
1648,1375,12,2024-09-01,
1649,1376,38,2024-09-01,
1650,1377,38,2024-09-01,2025-07-31
1651,1377,21,2025-08-01,
1652,1378,3,2026-04-06,
1653,1379,36,2024-09-01,2025-04-21
1654,1379,28,2025-04-22,
1655,1380,40,2024-09-01,2026-05-17
1656,1380,11,2026-05-18,
1657,1381,40,2024-09-01,
1658,1382,22,2024-09-01,2026-04-21
1659,1382,13,2026-04-22,
1660,1383,32,2024-09-01,
1661,1384,15,2024-09-01,
1662,1385,4,2024-09-01,2025-05-08
1663,1385,25,2025-05-09,
1664,1386,35,2024-09-01,
1665,1387,40,2024-09-01,2026-05-02
1666,1387,23,2026-05-03,
1667,1388,27,2025-03-08,
1668,1389,10,2024-09-01,
1669,1390,27,2025-08-12,
1670,1391,22,2024-09-01,
1671,1392,15,2024-09-01,2025-07-26
1672,1392,34,2025-07-27,
1673,1393,16,2024-09-01,
1674,1394,35,2024-09-01,
1675,1395,12,2024-09-01,
1676,1396,39,2025-09-05,2026-04-13
1677,1396,20,2026-04-14,
1678,1397,22,2024-09-01,
1679,1398,17,2024-09-01,
1680,1399,22,2024-09-01,
1681,1400,14,2024-09-01,
1682,1401,9,2024-09-01,
1683,1402,25,2024-09-01,
1684,1403,5,2024-09-01,
1685,1404,24,2024-09-01,2024-12-01
1686,1404,36,2024-12-02,
1687,1405,5,2024-09-01,
1688,1406,30,2025-02-26,2026-05-13
1689,1406,13,2026-05-14,
1690,1407,41,2024-09-01,
1691,1408,20,2026-05-19,
1692,1409,1,2024-09-01,
1693,1410,10,2025-07-21,
1694,1411,42,2024-09-01,
1695,1412,23,2024-09-01,2026-03-17
1696,1412,13,2026-03-18,
1697,1413,34,2024-09-01,
1698,1414,33,2024-09-01,
1699,1415,1,2026-01-31,
1700,1416,25,2024-09-01,
1701,1417,16,2024-09-01,2026-05-14
1702,1417,31,2026-05-15,
1703,1418,25,2024-09-01,
1704,1419,40,2024-09-01,
1705,1420,3,2025-10-28,2026-02-07
1706,1420,9,2026-02-08,
1707,1421,1,2025-11-09,
1708,1422,28,2025-07-24,
1709,1423,36,2026-06-09,
1710,1424,27,2024-09-01,
1711,1425,7,2024-09-01,2024-10-31
1712,1425,21,2024-11-01,
1713,1426,32,2024-11-30,2025-07-10
1714,1426,31,2025-07-11,
1715,1427,13,2024-09-01,
1716,1428,15,2024-09-01,
1717,1429,12,2024-09-01,
1718,1430,4,2024-09-01,2024-12-07
1719,1430,14,2024-12-08,
1720,1431,38,2024-09-01,2025-01-29
1721,1431,8,2025-01-30,
1722,1432,4,2024-09-01,
1723,1433,4,2024-09-01,
1724,1434,12,2025-07-23,
1725,1435,11,2024-09-01,2024-11-02
1726,1435,13,2024-11-03,
1727,1436,35,2024-12-27,
1728,1437,34,2025-04-30,
1729,1438,7,2024-09-01,
1730,1439,19,2024-09-01,2026-03-29
1731,1439,38,2026-03-30,
1732,1440,11,2024-09-01,
1733,1441,19,2024-09-01,
1734,1442,6,2024-09-01,
1735,1443,26,2025-05-24,2025-12-13
1736,1443,9,2025-12-14,
1737,1444,39,2024-09-01,
1738,1445,24,2024-09-01,
1739,1446,15,2026-03-24,
1740,1447,4,2025-04-07,
1741,1448,38,2024-09-01,2025-09-04
1742,1448,11,2025-09-05,
1743,1449,12,2024-09-01,
1744,1450,4,2024-09-01,
1745,1451,13,2024-09-01,
1746,1452,34,2024-09-01,
1747,1453,5,2024-09-01,
1748,1454,34,2024-09-01,
1749,1455,22,2024-09-01,
1750,1456,40,2026-02-10,
1751,1457,12,2026-01-18,
1752,1458,10,2025-04-23,
1753,1459,26,2024-09-01,
1754,1460,20,2026-07-01,
1755,1461,39,2024-09-01,
1756,1462,18,2024-12-06,2025-02-27
1757,1462,40,2025-02-28,
1758,1463,2,2024-09-01,2025-08-24
1759,1463,15,2025-08-25,
1760,1464,7,2025-08-27,
1761,1465,5,2024-09-01,
1762,1466,4,2025-03-29,
1763,1467,2,2024-09-01,
1764,1468,30,2024-09-01,
1765,1469,17,2026-04-10,
1766,1470,1,2025-10-18,2026-01-12
1767,1470,40,2026-01-13,
1768,1471,14,2024-09-01,
1769,1472,3,2024-09-01,
1770,1473,1,2024-09-01,
1771,1474,12,2024-09-01,2025-10-23
1772,1474,32,2025-10-24,
1773,1475,19,2024-09-01,2025-03-02
1774,1475,36,2025-03-03,
1775,1476,8,2026-05-01,
1776,1477,17,2024-09-01,
1777,1478,35,2024-09-01,
1778,1479,8,2024-09-01,
1779,1480,18,2024-09-01,
1780,1481,16,2024-09-01,
1781,1482,37,2024-09-01,2025-06-15
1782,1482,30,2025-06-16,
1783,1483,38,2024-09-01,
1784,1484,41,2024-09-01,
1785,1485,7,2026-06-08,
1786,1486,22,2024-09-01,
1787,1487,10,2024-09-01,
1788,1488,31,2024-09-01,
1789,1489,20,2024-09-01,
1790,1490,7,2024-09-01,
1791,1491,7,2024-09-01,
1792,1492,36,2024-09-01,2025-02-24
1793,1492,13,2025-02-25,
1794,1493,26,2024-09-01,2025-06-26
1795,1493,41,2025-06-27,
1796,1494,19,2026-03-14,
1797,1495,37,2024-09-01,2025-05-21
1798,1495,37,2025-05-22,
1799,1496,21,2024-09-01,
1800,1497,10,2024-09-01,
1801,1498,20,2024-09-01,
1802,1499,2,2024-09-01,
1803,1500,21,2024-09-01,
1804,1501,41,2024-09-01,
1805,1502,9,2024-09-01,2025-05-04
1806,1502,29,2025-05-05,
1807,1503,2,2025-10-04,2026-06-15
1808,1503,26,2026-06-16,
1809,1504,9,2026-05-31,
1810,1505,27,2024-09-01,2024-12-12
1811,1505,36,2024-12-13,
1812,1506,20,2026-05-15,
1813,1507,31,2024-09-01,
1814,1508,3,2024-09-01,
1815,1509,32,2024-09-01,
1816,1510,38,2024-09-01,
1817,1511,37,2024-09-01,
1818,1512,11,2024-09-01,
1819,1513,32,2024-09-01,
1820,1514,14,2024-09-01,
1821,1515,40,2024-09-01,
1822,1516,36,2026-02-28,
1823,1517,34,2026-05-02,
1824,1518,10,2024-09-01,
1825,1519,36,2024-09-01,
1826,1520,20,2024-09-01,
1827,1521,26,2024-09-01,
1828,1522,23,2024-09-01,2025-09-24
1829,1522,36,2025-09-25,
1830,1523,2,2024-09-01,
1831,1524,8,2025-03-10,
1832,1525,15,2026-05-08,
1833,1526,22,2026-03-26,
1834,1527,5,2024-09-01,
1835,1528,13,2024-09-01,2025-10-29
1836,1528,9,2025-10-30,
1837,1529,5,2026-02-08,
1838,1530,33,2025-05-20,
1839,1531,31,2024-09-01,
1840,1532,5,2024-09-01,
1841,1533,16,2025-08-04,
1842,1534,5,2024-09-01,
1843,1535,12,2024-09-01,
1844,1536,41,2025-12-30,
1845,1537,6,2024-09-01,
1846,1538,29,2024-09-01,
1847,1539,16,2024-09-01,2025-11-06
1848,1539,29,2025-11-07,
1849,1540,12,2024-09-01,
1850,1541,24,2024-09-01,
1851,1542,21,2024-09-01,
1852,1543,28,2024-09-01,
1853,1544,1,2024-09-01,
1854,1545,37,2024-09-01,
1855,1546,17,2025-02-02,
1856,1547,7,2025-07-22,2025-09-19
1857,1547,35,2025-09-20,
1858,1548,8,2025-10-17,
1859,1549,32,2024-09-01,
1860,1550,22,2026-05-03,
1861,1551,23,2024-09-01,
1862,1552,35,2024-09-01,
1863,1553,26,2024-09-01,2025-10-02
1864,1553,3,2025-10-03,
1865,1554,34,2024-09-01,
1866,1555,8,2024-09-01,2026-05-03
1867,1555,2,2026-05-04,
1868,1556,13,2025-05-02,2026-06-16
1869,1556,8,2026-06-17,
1870,1557,23,2024-09-01,
1871,1558,6,2024-09-01,2025-09-21
1872,1558,30,2025-09-22,
1873,1559,35,2024-09-01,
1874,1560,4,2024-09-01,
1875,1561,30,2024-09-01,2025-02-20
1876,1561,6,2025-02-21,
1877,1562,38,2024-09-01,
1878,1563,9,2024-09-01,
1879,1564,30,2024-09-01,2024-12-31
1880,1564,13,2025-01-01,
1881,1565,27,2024-09-01,
1882,1566,28,2024-09-01,
1883,1567,1,2024-09-01,
1884,1568,10,2026-04-29,
1885,1569,31,2024-09-01,
1886,1570,36,2026-04-25,2026-07-15
1887,1570,38,2026-07-16,
1888,1571,18,2024-09-01,
1889,1572,22,2024-09-01,
1890,1573,4,2024-09-01,
1891,1574,41,2024-09-01,
1892,1575,21,2024-09-01,
1893,1576,38,2024-09-01,
1894,1577,7,2024-09-01,
1895,1578,18,2024-09-01,2025-09-16
1896,1578,4,2025-09-17,
1897,1579,39,2024-09-01,2025-11-19
1898,1579,41,2025-11-20,
1899,1580,7,2024-09-01,
1900,1581,41,2024-09-01,
1901,1582,26,2024-09-01,
1902,1583,15,2024-09-01,
1903,1584,25,2024-09-01,2024-11-14
1904,1584,2,2024-11-15,
1905,1585,16,2024-09-01,2025-09-10
1906,1585,23,2025-09-11,
1907,1586,42,2024-09-01,2024-12-13
1908,1586,34,2024-12-14,
1909,1587,11,2024-09-01,2024-11-02
1910,1587,40,2024-11-03,
1911,1588,25,2024-09-01,
1912,1589,33,2024-09-01,
1913,1590,36,2024-09-01,
1914,1591,15,2024-09-01,2025-08-22
1915,1591,38,2025-08-23,
1916,1592,26,2024-09-01,2026-04-04
1917,1592,27,2026-04-05,
1918,1593,32,2024-09-01,
1919,1594,17,2024-11-29,
1920,1595,17,2024-09-01,
1921,1596,10,2024-09-01,2026-07-01
1922,1596,5,2026-07-02,
1923,1597,31,2024-09-01,
1924,1598,25,2024-09-01,2025-03-26
1925,1598,41,2025-03-27,
1926,1599,8,2024-09-01,
1927,1600,38,2024-09-01,
1928,1601,27,2024-09-01,
1929,1602,13,2024-09-01,2024-11-06
1930,1602,14,2024-11-07,
1931,1603,37,2024-09-01,2026-07-30
1932,1603,8,2026-07-31,
1933,1604,22,2025-06-27,
1934,1605,23,2024-09-01,
1935,1606,10,2024-09-01,
1936,1607,38,2024-09-01,
1937,1608,7,2025-01-20,2025-05-17
1938,1608,3,2025-05-18,
1939,1609,22,2024-10-04,
1940,1610,1,2024-09-01,
1941,1611,6,2024-09-01,2025-07-24
1942,1611,18,2025-07-25,
1943,1612,10,2024-09-01,
1944,1613,13,2025-11-12,
1945,1614,10,2024-09-01,
1946,1615,32,2026-06-10,
1947,1616,12,2024-09-01,
1948,1617,39,2024-09-01,2025-02-12
1949,1617,11,2025-02-13,
1950,1618,16,2024-09-01,
1951,1619,4,2024-09-01,
1952,1620,39,2024-09-01,
1953,1621,21,2024-09-01,
1954,1622,20,2024-09-01,2025-05-17
1955,1622,18,2025-05-18,
1956,1623,15,2025-02-11,
1957,1624,33,2024-09-01,
1958,1625,35,2025-03-21,
1959,1626,37,2024-09-01,2026-05-16
1960,1626,4,2026-05-17,
1961,1627,14,2024-09-01,2025-12-23
1962,1627,24,2025-12-24,
1963,1628,26,2024-09-01,
1964,1629,13,2024-09-01,2024-11-26
1965,1629,41,2024-11-27,
1966,1630,39,2024-09-01,2026-04-03
1967,1630,31,2026-04-04,
1968,1631,21,2024-09-01,
1969,1632,27,2024-09-01,
1970,1633,29,2024-09-01,
1971,1634,6,2024-09-01,
1972,1635,12,2024-09-01,
1973,1636,15,2025-01-31,2025-08-18
1974,1636,18,2025-08-19,
1975,1637,16,2024-09-01,
1976,1638,17,2024-09-01,
1977,1639,20,2024-09-01,2025-03-15
1978,1639,1,2025-03-16,
1979,1640,23,2024-09-01,2025-05-15
1980,1640,39,2025-05-16,
1981,1641,23,2024-11-18,
1982,1642,7,2025-02-14,
1983,1643,8,2024-09-01,
1984,1644,8,2024-09-01,
1985,1645,6,2024-09-01,2026-04-23
1986,1645,17,2026-04-24,
1987,1646,10,2024-09-01,
1988,1647,27,2024-09-01,
1989,1648,39,2024-09-01,
1990,1649,12,2024-09-01,
1991,1650,9,2025-05-30,
1992,1651,35,2024-09-01,
1993,1652,24,2024-09-01,2025-05-15
1994,1652,30,2025-05-16,
1995,1653,31,2024-09-01,2025-12-09
1996,1653,39,2025-12-10,
1997,1654,1,2024-09-01,
1998,1655,23,2024-09-01,
1999,1656,33,2026-06-05,
2000,1657,34,2024-09-01,2024-11-14
2001,1657,14,2024-11-15,
2002,1658,18,2024-09-01,
2003,1659,39,2024-09-01,
2004,1660,4,2024-09-01,
2005,1661,19,2024-11-19,
2006,1662,33,2024-09-01,
2007,1663,12,2024-09-01,2026-02-27
2008,1663,42,2026-02-28,
2009,1664,26,2024-09-01,
2010,1665,10,2024-09-01,
2011,1666,33,2024-09-01,
2012,1667,40,2025-04-29,
2013,1668,1,2024-09-01,
2014,1669,5,2024-09-01,
2015,1670,10,2025-12-12,
2016,1671,40,2024-09-01,
2017,1672,6,2025-05-02,
2018,1673,39,2025-12-06,2026-05-21
2019,1673,11,2026-05-22,
2020,1674,39,2024-11-25,
2021,1675,20,2024-09-01,2025-11-13
2022,1675,12,2025-11-14,
2023,1676,2,2024-09-01,
2024,1677,3,2024-09-01,
2025,1678,22,2024-09-01,
2026,1679,7,2024-10-13,
2027,1680,36,2024-09-01,
2028,1681,14,2024-09-01,2025-08-21
2029,1681,33,2025-08-22,
2030,1682,2,2024-09-01,
2031,1683,36,2024-09-01,
2032,1684,5,2026-05-14,2026-07-25
2033,1684,4,2026-07-26,
2034,1685,20,2025-02-07,
2035,1686,19,2024-09-01,
2036,1687,9,2024-09-01,2025-04-28
2037,1687,22,2025-04-29,
2038,1688,17,2024-09-01,
2039,1689,35,2025-11-26,2026-02-18
2040,1689,36,2026-02-19,
2041,1690,38,2024-09-01,
2042,1691,19,2024-09-01,
2043,1692,26,2024-09-01,
2044,1693,11,2024-10-16,
2045,1694,11,2024-10-08,
2046,1695,36,2026-03-01,
2047,1696,20,2024-09-01,
2048,1697,41,2024-09-01,
2049,1698,31,2024-09-01,
2050,1699,8,2024-09-01,
2051,1700,28,2024-09-01,
2052,1701,41,2024-09-01,
2053,1702,38,2024-09-01,
2054,1703,24,2024-09-01,
2055,1704,23,2025-03-03,
2056,1705,17,2024-09-01,
2057,1706,15,2024-09-01,
2058,1707,6,2024-12-23,
2059,1708,40,2024-09-01,
2060,1709,4,2024-09-01,
2061,1710,42,2024-09-01,
2062,1711,24,2024-09-01,
2063,1712,4,2024-09-01,
2064,1713,1,2024-09-01,
2065,1714,40,2024-09-01,
2066,1715,19,2024-09-01,2025-07-07
2067,1715,16,2025-07-08,
2068,1716,37,2024-09-01,
2069,1717,14,2024-09-01,
2070,1718,8,2024-09-01,
2071,1719,38,2024-09-01,2026-06-16
2072,1719,13,2026-06-17,
2073,1720,14,2025-10-29,
2074,1721,34,2025-04-12,
2075,1722,33,2024-09-01,
2076,1723,38,2024-09-01,
2077,1724,21,2024-09-01,
2078,1725,17,2025-10-18,
2079,1726,40,2024-09-01,
2080,1727,26,2024-09-01,
2081,1728,25,2024-09-01,
2082,1729,5,2024-09-01,
2083,1730,37,2024-09-01,2026-06-18
2084,1730,8,2026-06-19,
2085,1731,33,2024-09-01,
2086,1732,31,2024-09-01,
2087,1733,11,2024-09-01,
2088,1734,34,2024-09-01,
2089,1735,41,2024-09-01,
2090,1736,18,2026-03-09,
2091,1737,5,2024-09-01,
2092,1738,14,2024-09-01,
2093,1739,34,2024-09-01,
2094,1740,29,2024-09-01,
2095,1741,6,2024-09-01,
2096,1742,32,2024-09-01,
2097,1743,24,2024-09-01,
2098,1744,2,2026-05-17,
2099,1745,24,2024-09-01,
2100,1746,26,2024-09-01,
2101,1747,28,2024-09-01,
2102,1748,19,2024-09-01,
2103,1749,32,2025-02-10,
2104,1750,37,2025-09-11,2025-12-08
2105,1750,6,2025-12-09,
2106,1751,41,2024-09-01,2026-04-28
2107,1751,24,2026-04-29,
2108,1752,37,2025-04-01,
2109,1753,35,2024-09-01,
2110,1754,5,2024-09-01,
2111,1755,6,2024-09-01,
2112,1756,12,2024-09-01,2026-03-13
2113,1756,4,2026-03-14,
2114,1757,21,2024-09-01,
2115,1758,19,2024-09-01,
2116,1759,38,2024-10-17,
2117,1760,17,2024-09-01,
2118,1761,31,2024-09-27,
2119,1762,30,2025-01-07,
2120,1763,13,2024-09-01,
2121,1764,38,2024-09-01,2026-07-02
2122,1764,18,2026-07-03,
2123,1765,34,2024-09-01,2025-07-10
2124,1765,24,2025-07-11,
2125,1766,9,2024-09-01,
2126,1767,23,2026-07-02,
2127,1768,18,2026-04-26,
2128,1769,41,2024-09-01,
2129,1770,23,2024-09-01,
2130,1771,22,2024-09-01,
2131,1772,20,2025-10-20,2026-01-14
2132,1772,19,2026-01-15,
2133,1773,16,2024-09-01,
2134,1774,27,2025-11-07,
2135,1775,23,2024-09-01,2026-06-29
2136,1775,38,2026-06-30,
2137,1776,40,2024-09-01,
2138,1777,13,2024-12-11,
2139,1778,17,2024-09-01,2026-06-14
2140,1778,35,2026-06-15,
2141,1779,6,2024-09-01,
2142,1780,32,2024-09-01,
2143,1781,36,2024-09-01,
2144,1782,14,2024-09-01,2025-04-09
2145,1782,8,2025-04-10,
2146,1783,2,2024-09-12,2026-05-16
2147,1783,22,2026-05-17,
2148,1784,33,2024-09-01,
2149,1785,31,2026-02-16,2026-05-01
2150,1785,22,2026-05-02,
2151,1786,24,2024-09-01,2025-04-25
2152,1786,7,2025-04-26,
2153,1787,38,2024-09-01,
2154,1788,13,2024-09-01,
2155,1789,10,2024-09-01,2024-11-27
2156,1789,35,2024-11-28,
2157,1790,6,2025-06-25,
2158,1791,30,2024-09-01,2025-12-11
2159,1791,2,2025-12-12,
2160,1792,31,2024-09-01,
2161,1793,9,2024-09-01,
2162,1794,4,2025-05-10,
2163,1795,5,2024-09-01,
2164,1796,35,2024-09-01,
2165,1797,42,2024-09-01,
2166,1798,31,2024-09-01,2026-07-01
2167,1798,37,2026-07-02,
2168,1799,40,2024-09-01,
2169,1800,19,2024-09-01,
2170,1801,40,2025-10-11,
2171,1802,41,2024-09-01,2025-03-02
2172,1802,34,2025-03-03,
2173,1803,40,2024-09-01,
2174,1804,37,2024-09-01,
2175,1805,25,2024-09-01,
2176,1806,37,2024-09-01,
2177,1807,42,2024-09-01,
2178,1808,17,2024-09-01,2025-12-29
2179,1808,24,2025-12-30,
2180,1809,27,2024-09-01,
2181,1810,3,2024-09-01,2025-04-16
2182,1810,12,2025-04-17,
2183,1811,38,2024-09-11,
2184,1812,32,2024-09-01,2025-08-31
2185,1812,38,2025-09-01,
2186,1813,13,2024-09-01,
2187,1814,24,2024-09-01,2025-02-27
2188,1814,31,2025-02-28,
2189,1815,25,2024-09-01,2026-07-05
2190,1815,34,2026-07-06,
2191,1816,32,2024-09-01,
2192,1817,39,2024-09-01,
2193,1818,27,2024-09-01,
2194,1819,40,2024-09-01,2026-07-06
2195,1819,23,2026-07-07,
2196,1820,12,2024-09-01,2026-04-25
2197,1820,20,2026-04-26,
2198,1821,25,2024-09-01,
2199,1822,16,2024-09-01,
2200,1823,32,2026-06-11,
2201,1824,17,2024-09-01,2025-09-01
2202,1824,28,2025-09-02,
2203,1825,13,2024-09-01,
2204,1826,14,2024-09-01,
2205,1827,20,2024-09-01,
2206,1828,8,2024-09-01,
2207,1829,6,2024-09-01,2024-11-27
2208,1829,12,2024-11-28,
2209,1830,38,2024-09-01,2025-05-23
2210,1830,37,2025-05-24,
2211,1831,17,2024-09-01,
2212,1832,10,2024-09-01,
2213,1833,29,2024-09-01,
2214,1834,4,2025-12-09,2026-05-09
2215,1834,39,2026-05-10,
2216,1835,30,2024-09-01,2025-10-20
2217,1835,25,2025-10-21,
2218,1836,21,2024-09-01,2026-02-08
2219,1836,6,2026-02-09,
2220,1837,39,2024-09-01,2026-01-02
2221,1837,41,2026-01-03,
2222,1838,36,2026-03-08,2026-06-22
2223,1838,3,2026-06-23,
2224,1839,42,2024-09-01,2025-11-30
2225,1839,30,2025-12-01,
2226,1840,1,2025-07-17,
2227,1841,14,2024-09-01,
2228,1842,34,2024-09-01,
2229,1843,34,2024-09-01,2026-05-29
2230,1843,30,2026-05-30,
2231,1844,16,2024-09-01,
2232,1845,13,2024-09-01,
2233,1846,33,2026-04-01,
2234,1847,40,2024-09-01,
2235,1848,40,2024-09-01,
2236,1849,29,2024-09-01,2025-10-11
2237,1849,12,2025-10-12,
2238,1850,36,2024-09-01,
2239,1851,7,2024-09-01,
2240,1852,7,2024-09-01,2026-07-02
2241,1852,39,2026-07-03,
2242,1853,11,2024-09-01,
2243,1854,7,2025-10-12,
2244,1855,2,2024-09-01,2025-06-02
2245,1855,38,2025-06-03,
2246,1856,31,2024-09-01,
2247,1857,2,2024-09-01,
2248,1858,5,2024-09-01,2025-10-28
2249,1858,24,2025-10-29,
2250,1859,5,2024-09-01,
2251,1860,34,2024-09-01,
2252,1861,33,2024-12-30,
2253,1862,12,2024-09-01,
2254,1863,40,2024-09-01,
2255,1864,8,2025-03-17,2026-01-07
2256,1864,21,2026-01-08,
2257,1865,17,2024-09-01,
2258,1866,35,2024-09-01,
2259,1867,8,2024-09-01,2026-04-30
2260,1867,1,2026-05-01,
2261,1868,40,2024-09-01,
2262,1869,27,2024-09-01,
2263,1870,1,2024-12-18,
2264,1871,35,2024-09-01,
2265,1872,42,2024-09-01,
2266,1873,39,2024-11-05,
2267,1874,8,2024-09-01,2025-02-21
2268,1874,20,2025-02-22,
2269,1875,31,2024-09-01,2025-06-30
2270,1875,36,2025-07-01,
2271,1876,19,2024-09-01,
2272,1877,7,2024-09-01,
2273,1878,6,2026-05-11,
2274,1879,41,2024-09-01,
2275,1880,13,2024-09-01,2025-10-13
2276,1880,40,2025-10-14,
2277,1881,28,2024-09-01,
2278,1882,4,2024-09-01,2026-02-12
2279,1882,3,2026-02-13,
2280,1883,22,2024-09-01,
2281,1884,2,2024-09-01,
2282,1885,9,2024-09-01,
2283,1886,29,2024-09-01,
2284,1887,36,2026-04-13,
2285,1888,34,2024-09-01,
2286,1889,13,2024-09-01,2026-01-28
2287,1889,32,2026-01-29,
2288,1890,28,2024-09-01,2024-12-23
2289,1890,40,2024-12-24,
2290,1891,17,2024-09-01,
2291,1892,10,2025-04-27,
2292,1893,31,2024-09-01,
2293,1894,24,2024-09-01,
2294,1895,39,2024-09-01,
2295,1896,42,2024-09-01,
2296,1897,27,2025-10-09,
2297,1898,26,2024-09-01,
2298,1899,4,2024-09-01,
2299,1900,39,2024-09-01,2024-11-18
2300,1900,20,2024-11-19,
2301,1901,8,2024-09-01,
2302,1902,41,2024-09-01,
2303,1903,35,2024-09-01,
2304,1904,14,2024-09-01,2025-06-16
2305,1904,22,2025-06-17,
2306,1905,4,2024-09-01,2025-06-07
2307,1905,29,2025-06-08,
2308,1906,25,2024-09-01,
2309,1907,3,2024-09-01,2026-04-14
2310,1907,21,2026-04-15,
2311,1908,21,2024-09-01,2026-05-21
2312,1908,18,2026-05-22,
2313,1909,29,2024-09-01,
2314,1910,6,2024-09-01,2026-01-02
2315,1910,34,2026-01-03,
2316,1911,42,2024-09-01,
2317,1912,40,2024-09-01,
2318,1913,13,2024-09-01,
2319,1914,30,2026-01-05,
2320,1915,29,2024-09-01,
2321,1916,10,2024-09-01,
2322,1917,6,2026-01-04,2026-04-03
2323,1917,2,2026-04-04,
2324,1918,40,2024-09-01,
2325,1919,23,2024-09-01,
2326,1920,37,2024-09-01,
2327,1921,7,2025-03-04,
2328,1922,7,2024-09-01,2026-03-25
2329,1922,15,2026-03-26,
2330,1923,2,2024-09-01,
2331,1924,5,2024-09-01,
2332,1925,19,2024-09-01,
2333,1926,6,2024-09-01,2025-10-12
2334,1926,2,2025-10-13,
2335,1927,9,2024-09-01,
2336,1928,11,2025-02-22,
2337,1929,22,2024-09-01,
2338,1930,30,2024-09-06,
2339,1931,12,2024-09-01,
2340,1932,39,2024-09-01,
2341,1933,20,2024-09-01,
2342,1934,25,2024-09-01,2025-04-14
2343,1934,32,2025-04-15,
2344,1935,13,2025-09-02,
2345,1936,36,2024-09-01,
2346,1937,35,2025-06-10,
2347,1938,19,2024-09-01,2026-04-21
2348,1938,10,2026-04-22,
2349,1939,10,2024-09-01,
2350,1940,1,2024-09-01,
2351,1941,33,2024-09-01,
2352,1942,25,2025-12-24,
2353,1943,11,2024-09-01,
2354,1944,14,2025-12-21,
2355,1945,16,2025-07-02,
2356,1946,27,2024-09-01,
2357,1947,16,2025-06-15,
2358,1948,22,2026-03-14,
2359,1949,10,2024-09-01,
2360,1950,22,2024-09-01,
2361,1951,21,2025-10-14,
2362,1952,12,2024-09-01,
2363,1953,26,2025-11-01,
2364,1954,29,2024-09-25,
2365,1955,41,2024-09-01,2026-05-01
2366,1955,3,2026-05-02,
2367,1956,26,2024-09-01,
2368,1957,14,2024-09-01,
2369,1958,31,2024-09-01,
2370,1959,38,2024-09-01,
2371,1960,41,2024-09-01,
2372,1961,10,2024-09-01,2025-10-18
2373,1961,20,2025-10-19,
2374,1962,6,2026-02-14,
2375,1963,12,2024-09-01,
2376,1964,12,2025-12-14,
2377,1965,12,2025-09-18,
2378,1966,26,2024-09-01,
2379,1967,15,2024-09-01,2025-12-15
2380,1967,40,2025-12-16,
2381,1968,22,2024-09-01,
2382,1969,42,2024-09-01,
2383,1970,4,2024-09-01,2025-12-24
2384,1970,34,2025-12-25,
2385,1971,17,2024-09-01,2025-01-16
2386,1971,28,2025-01-17,
2387,1972,3,2024-09-01,
2388,1973,41,2024-09-01,2025-01-02
2389,1973,11,2025-01-03,
2390,1974,10,2024-09-01,
2391,1975,9,2024-09-01,
2392,1976,20,2025-03-29,
2393,1977,32,2024-09-01,
2394,1978,16,2024-09-01,
2395,1979,20,2024-11-18,
2396,1980,19,2024-09-01,
2397,1981,15,2024-12-22,
2398,1982,27,2024-09-01,
2399,1983,33,2024-09-01,2025-03-10
2400,1983,11,2025-03-11,
2401,1984,22,2024-09-01,
2402,1985,37,2024-09-01,2025-11-16
2403,1985,30,2025-11-17,
2404,1986,36,2024-09-01,
2405,1987,14,2024-09-01,
2406,1988,18,2024-09-01,2025-02-15
2407,1988,20,2025-02-16,
2408,1989,6,2024-09-01,
2409,1990,31,2024-09-01,2026-07-10
2410,1990,24,2026-07-11,
2411,1991,9,2024-11-16,
2412,1992,4,2024-09-01,
2413,1993,26,2024-09-01,
2414,1994,22,2024-09-01,
2415,1995,38,2024-09-01,
2416,1996,26,2025-10-19,2025-12-23
2417,1996,20,2025-12-24,
2418,1997,19,2025-06-12,
2419,1998,32,2024-09-01,
2420,1999,27,2024-09-01,
2421,2000,7,2026-03-09,
2422,2001,19,2024-09-01,
2423,2002,18,2024-09-01,2024-11-12
2424,2002,23,2024-11-13,
2425,2003,4,2024-09-01,2025-12-29
2426,2003,33,2025-12-30,
2427,2004,7,2025-03-30,
2428,2005,20,2024-09-01,
2429,2006,24,2024-09-01,
2430,2007,21,2024-09-01,
2431,2008,24,2026-06-28,2026-09-05
2432,2008,24,2026-09-06,
2433,2009,33,2025-07-09,
2434,2010,9,2024-12-03,
2435,2011,21,2024-09-01,
2436,2012,23,2024-09-01,
2437,2013,10,2025-12-04,
2438,2014,7,2024-09-01,2026-03-12
2439,2014,42,2026-03-13,
2440,2015,6,2024-09-01,
2441,2016,1,2024-09-01,
2442,2017,40,2024-09-01,
2443,2018,12,2025-05-20,
2444,2019,13,2024-09-01,
2445,2020,26,2024-09-01,2026-02-03
2446,2020,11,2026-02-04,
2447,2021,24,2024-09-01,
2448,2022,19,2024-09-01,
2449,2023,23,2024-09-01,
2450,2024,24,2025-02-25,
2451,2025,38,2024-09-01,
2452,2026,12,2026-03-11,
2453,2027,20,2024-09-01,
2454,2028,24,2024-09-01,
2455,2029,22,2024-09-01,
2456,2030,4,2024-09-01,2024-11-30
2457,2030,39,2024-12-01,
2458,2031,42,2024-09-01,
2459,2032,11,2026-01-01,
2460,2033,25,2024-09-01,
2461,2034,35,2024-09-01,
2462,2035,35,2025-06-21,
2463,2036,6,2024-09-01,
2464,2037,9,2024-09-01,
2465,2038,21,2024-09-01,
2466,2039,18,2024-09-01,2025-03-09
2467,2039,4,2025-03-10,
2468,2040,37,2024-09-01,
2469,2041,15,2024-10-23,
2470,2042,8,2024-10-02,2025-05-04
2471,2042,15,2025-05-05,
2472,2043,2,2025-11-10,2026-06-26
2473,2043,13,2026-06-27,
2474,2044,4,2024-09-01,
2475,2045,5,2026-03-16,
2476,2046,25,2024-09-01,
2477,2047,16,2024-09-01,
2478,2048,36,2024-09-01,
2479,2049,20,2024-09-01,
2480,2050,28,2024-09-01,
2481,2051,26,2025-12-27,
2482,2052,18,2024-09-01,
2483,2053,8,2024-11-21,
2484,2054,16,2024-09-01,
2485,2055,6,2024-09-01,2025-01-21
2486,2055,39,2025-01-22,
2487,2056,1,2024-09-01,
2488,2057,26,2024-09-01,2025-09-19
2489,2057,27,2025-09-20,
2490,2058,37,2026-01-11,2026-05-10
2491,2058,27,2026-05-11,
2492,2059,20,2024-09-01,
2493,2060,17,2024-09-01,
2494,2061,25,2024-09-01,
2495,2062,17,2024-09-01,
2496,2063,42,2024-09-01,2025-01-15
2497,2063,1,2025-01-16,
2498,2064,27,2024-09-01,
2499,2065,40,2024-09-01,
2500,2066,3,2024-09-01,
2501,2067,14,2024-09-01,
2502,2068,3,2024-09-01,
2503,2069,27,2024-09-01,
2504,2070,41,2024-09-01,2025-10-11
2505,2070,7,2025-10-12,
2506,2071,41,2024-11-03,
2507,2072,30,2024-09-01,2025-07-20
2508,2072,2,2025-07-21,
2509,2073,20,2024-09-01,
2510,2074,28,2024-09-01,
2511,2075,26,2024-09-01,
2512,2076,37,2024-09-01,
2513,2077,10,2024-09-01,2025-09-11
2514,2077,3,2025-09-12,
2515,2078,5,2025-12-01,
2516,2079,17,2024-09-01,
2517,2080,40,2024-09-01,
2518,2081,32,2024-09-01,
2519,2082,42,2024-09-01,
2520,2083,22,2024-09-01,
2521,2084,42,2025-07-05,2026-05-19
2522,2084,4,2026-05-20,
2523,2085,22,2025-12-15,
2524,2086,18,2024-09-01,2025-07-06
2525,2086,7,2025-07-07,
2526,2087,33,2024-09-01,
2527,2088,11,2024-09-01,
2528,2089,29,2024-09-01,
2529,2090,3,2025-07-24,
2530,2091,27,2024-09-01,
2531,2092,37,2024-09-01,
2532,2093,11,2025-02-12,2025-07-18
2533,2093,40,2025-07-19,
2534,2094,42,2026-04-29,2026-06-27
2535,2094,21,2026-06-28,
2536,2095,2,2024-09-01,
2537,2096,31,2024-09-01,
2538,2097,19,2024-09-01,
2539,2098,41,2024-09-01,
2540,2099,8,2024-09-01,
2541,2100,29,2025-09-16,
2542,2101,35,2024-09-01,
2543,2102,4,2024-09-16,2025-07-11
2544,2102,3,2025-07-12,
2545,2103,16,2024-09-01,
2546,2104,16,2024-09-01,
2547,2105,42,2024-09-01,
2548,2106,33,2024-09-14,2025-06-20
2549,2106,1,2025-06-21,
2550,2107,7,2024-09-01,
2551,2108,6,2024-09-01,
2552,2109,40,2026-04-20,
2553,2110,19,2024-09-01,
2554,2111,21,2024-09-01,
2555,2112,5,2024-09-01,
2556,2113,14,2024-09-01,
2557,2114,4,2024-09-01,2026-07-02
2558,2114,2,2026-07-03,
2559,2115,28,2024-09-01,2025-12-01
2560,2115,37,2025-12-02,
2561,2116,7,2024-09-01,
2562,2117,35,2024-09-01,
2563,2118,22,2025-11-11,2026-01-28
2564,2118,4,2026-01-29,
2565,2119,27,2024-09-01,
2566,2120,30,2024-09-01,
2567,2121,38,2024-09-01,
2568,2122,1,2024-09-01,2026-04-24
2569,2122,40,2026-04-25,
2570,2123,8,2024-09-01,
2571,2124,31,2024-09-01,
2572,2125,31,2026-01-21,
2573,2126,11,2024-09-01,
2574,2127,42,2024-09-01,
2575,2128,42,2024-09-01,
2576,2129,5,2024-09-01,2025-10-17
2577,2129,9,2025-10-18,
2578,2130,33,2024-09-01,
2579,2131,5,2024-09-01,
2580,2132,36,2024-09-01,
2581,2133,15,2024-09-01,2026-03-26
2582,2133,23,2026-03-27,
2583,2134,24,2024-09-01,2025-09-19
2584,2134,27,2025-09-20,
2585,2135,30,2024-09-01,
2586,2136,32,2024-09-01,
2587,2137,40,2024-09-01,
2588,2138,1,2025-06-09,
2589,2139,20,2024-09-01,
2590,2140,8,2025-02-11,
2591,2141,28,2024-09-01,
2592,2142,25,2024-09-01,
2593,2143,6,2024-10-04,2025-12-03
2594,2143,14,2025-12-04,
2595,2144,19,2024-09-01,2025-09-19
2596,2144,10,2025-09-20,
2597,2145,20,2024-09-01,2026-07-08
2598,2145,40,2026-07-09,
2599,2146,27,2024-09-01,
2600,2147,38,2024-09-01,
2601,2148,37,2024-09-01,
2602,2149,29,2024-09-01,
2603,2150,28,2026-02-04,
2604,2151,37,2024-09-01,
2605,2152,4,2024-09-01,
2606,2153,36,2025-04-24,2025-08-21
2607,2153,26,2025-08-22,
2608,2154,1,2025-05-19,
2609,2155,16,2024-09-01,
2610,2156,42,2024-09-01,
2611,2157,3,2024-09-01,
2612,2158,37,2025-06-05,
2613,2159,31,2025-04-13,2026-03-20
2614,2159,16,2026-03-21,
2615,2160,20,2024-09-01,2025-07-01
2616,2160,5,2025-07-02,
2617,2161,7,2024-09-01,2025-10-29
2618,2161,32,2025-10-30,
2619,2162,41,2025-11-01,
2620,2163,4,2024-09-01,2025-06-14
2621,2163,1,2025-06-15,
2622,2164,31,2024-12-05,
2623,2165,40,2024-09-01,
2624,2166,33,2024-09-01,2025-07-13
2625,2166,23,2025-07-14,
2626,2167,25,2024-09-01,2026-07-27
2627,2167,19,2026-07-28,
2628,2168,15,2024-09-01,
2629,2169,2,2024-09-01,2025-05-19
2630,2169,3,2025-05-20,
2631,2170,10,2024-09-01,
2632,2171,9,2024-09-01,2025-07-12
2633,2171,42,2025-07-13,
2634,2172,23,2026-04-10,
2635,2173,16,2024-09-01,
2636,2174,6,2024-09-01,
2637,2175,13,2024-09-01,
2638,2176,17,2024-09-01,
2639,2177,17,2024-09-01,
2640,2178,41,2024-09-01,
2641,2179,5,2025-08-31,2025-12-24
2642,2179,39,2025-12-25,
2643,2180,25,2024-09-01,
2644,2181,21,2024-09-01,
2645,2182,31,2024-09-01,
2646,2183,24,2025-07-10,
2647,2184,21,2024-09-01,
2648,2185,19,2026-06-30,
2649,2186,25,2024-09-01,2025-11-28
2650,2186,28,2025-11-29,
2651,2187,4,2024-09-01,
2652,2188,28,2024-09-01,
2653,2189,32,2024-09-01,2025-08-04
2654,2189,14,2025-08-05,
2655,2190,19,2024-09-01,
2656,2191,26,2024-09-01,
2657,2192,36,2025-07-01,
2658,2193,34,2024-09-01,
2659,2194,38,2024-09-01,
2660,2195,7,2024-09-01,
2661,2196,32,2024-09-01,
2662,2197,3,2024-09-01,2026-04-04
2663,2197,15,2026-04-05,
2664,2198,10,2024-09-01,
2665,2199,38,2025-12-30,
2666,2200,16,2024-09-01,
2667,2201,28,2024-10-31,
2668,2202,15,2025-10-27,
2669,2203,4,2024-09-01,2026-07-13
2670,2203,34,2026-07-14,
2671,2204,41,2024-09-01,2025-01-30
2672,2204,3,2025-01-31,
2673,2205,40,2024-09-01,
2674,2206,12,2024-09-01,
2675,2207,16,2024-09-01,
2676,2208,15,2024-09-01,2025-10-05
2677,2208,40,2025-10-06,
2678,2209,25,2024-09-01,
2679,2210,15,2024-09-01,
2680,2211,21,2024-09-01,2026-01-10
2681,2211,5,2026-01-11,
2682,2212,4,2024-09-01,
2683,2213,25,2024-09-01,
2684,2214,21,2024-09-01,
2685,2215,14,2024-09-01,
2686,2216,11,2024-09-01,2025-04-05
2687,2216,40,2025-04-06,
2688,2217,13,2024-09-01,
2689,2218,22,2025-12-02,
2690,2219,15,2024-09-01,
2691,2220,40,2024-09-01,
2692,2221,25,2026-06-25,
2693,2222,22,2024-09-01,2024-12-03
2694,2222,20,2024-12-04,
2695,2223,35,2024-09-01,
2696,2224,21,2024-09-01,2026-02-19
2697,2224,39,2026-02-20,
2698,2225,5,2025-04-07,
2699,2226,33,2025-05-27,
2700,2227,6,2024-09-01,
2701,2228,26,2024-09-01,
2702,2229,3,2024-09-01,
2703,2230,33,2025-10-12,
2704,2231,30,2024-09-01,
2705,2232,34,2024-09-01,
2706,2233,9,2025-10-13,
2707,2234,6,2024-09-01,
2708,2235,35,2024-09-01,2026-03-22
2709,2235,26,2026-03-23,
2710,2236,27,2024-09-01,2025-11-05
2711,2236,17,2025-11-06,
2712,2237,23,2024-09-01,
2713,2238,1,2024-09-01,
2714,2239,41,2024-09-01,
2715,2240,34,2024-09-01,
2716,2241,2,2024-09-01,
2717,2242,14,2024-09-01,
2718,2243,5,2024-09-01,2024-11-07
2719,2243,5,2024-11-08,
2720,2244,27,2024-09-01,2026-01-29
2721,2244,26,2026-01-30,
2722,2245,39,2024-09-01,2025-12-18
2723,2245,20,2025-12-19,
2724,2246,42,2024-09-01,
2725,2247,22,2024-09-01,
2726,2248,23,2024-09-01,
2727,2249,18,2024-09-01,2025-02-10
2728,2249,11,2025-02-11,
2729,2250,9,2024-09-01,
2730,2251,39,2025-04-27,
2731,2252,14,2024-09-01,
2732,2253,17,2024-09-01,
2733,2254,17,2024-09-01,
2734,2255,7,2024-09-01,
2735,2256,37,2024-09-01,
2736,2257,26,2024-09-01,
2737,2258,30,2024-09-01,
2738,2259,26,2025-09-23,2025-12-29
2739,2259,21,2025-12-30,
2740,2260,7,2024-09-01,
2741,2261,6,2024-09-01,2025-07-26
2742,2261,42,2025-07-27,
2743,2262,15,2024-09-01,2024-11-27
2744,2262,19,2024-11-28,
2745,2263,21,2024-09-01,
2746,2264,3,2024-09-01,
2747,2265,11,2024-09-01,
2748,2266,3,2024-09-01,
2749,2267,24,2024-09-01,
2750,2268,31,2024-09-01,
2751,2269,6,2024-09-01,
2752,2270,15,2024-09-01,
2753,2271,21,2024-11-26,2026-06-27
2754,2271,18,2026-06-28,
2755,2272,27,2024-09-01,
2756,2273,7,2025-12-31,
2757,2274,33,2024-09-01,
2758,2275,6,2024-09-01,2025-02-21
2759,2275,40,2025-02-22,
2760,2276,39,2024-09-01,2025-04-23
2761,2276,20,2025-04-24,
2762,2277,6,2024-10-24,
2763,2278,35,2024-09-01,
2764,2279,35,2024-09-01,
2765,2280,16,2024-09-01,
2766,2281,4,2024-09-01,
2767,2282,23,2024-09-01,
2768,2283,40,2024-09-01,
2769,2284,29,2024-09-01,
2770,2285,5,2024-09-01,
2771,2286,22,2024-09-08,2025-03-28
2772,2286,1,2025-03-29,
2773,2287,10,2024-09-01,
2774,2288,29,2024-09-01,
2775,2289,7,2024-09-01,
2776,2290,30,2025-09-09,
2777,2291,2,2024-09-01,2025-04-24
2778,2291,35,2025-04-25,
2779,2292,3,2024-09-01,
2780,2293,22,2026-03-08,
2781,2294,29,2025-11-27,2026-06-25
2782,2294,18,2026-06-26,
2783,2295,35,2024-10-26,
2784,2296,39,2024-09-01,
2785,2297,15,2024-09-01,
2786,2298,8,2024-09-01,2026-04-05
2787,2298,37,2026-04-06,
2788,2299,28,2024-09-01,
2789,2300,24,2026-02-22,
2790,2301,24,2024-09-01,2025-09-26
2791,2301,42,2025-09-27,
2792,2302,26,2024-09-01,
2793,2303,2,2024-09-01,
2794,2304,25,2025-12-31,2026-05-26
2795,2304,26,2026-05-27,
2796,2305,20,2024-09-01,
2797,2306,9,2024-09-01,
2798,2307,1,2026-04-26,2026-07-29
2799,2307,40,2026-07-30,
2800,2308,22,2024-09-01,
2801,2309,37,2025-02-19,2025-12-30
2802,2309,12,2025-12-31,
2803,2310,32,2024-09-01,
2804,2311,1,2024-09-01,
2805,2312,28,2024-09-01,
2806,2313,27,2025-10-22,2026-05-23
2807,2313,35,2026-05-24,
2808,2314,12,2024-09-01,
2809,2315,11,2025-08-13,
2810,2316,23,2024-09-01,
2811,2317,26,2024-09-01,
2812,2318,13,2024-09-01,2025-05-18
2813,2318,21,2025-05-19,
2814,2319,36,2024-09-01,
2815,2320,17,2026-01-02,2026-03-17
2816,2320,37,2026-03-18,
2817,2321,17,2024-09-01,2025-08-05
2818,2321,19,2025-08-06,
2819,2322,18,2024-09-01,
2820,2323,11,2024-09-01,
2821,2324,3,2024-09-01,
2822,2325,12,2024-09-01,
2823,2326,32,2024-09-01,
2824,2327,38,2024-09-22,
2825,2328,29,2024-09-01,2025-01-27
2826,2328,16,2025-01-28,
2827,2329,40,2024-09-01,
2828,2330,6,2024-09-01,2026-04-04
2829,2330,3,2026-04-05,
2830,2331,33,2025-09-19,
2831,2332,42,2024-09-01,
2832,2333,11,2024-09-01,
2833,2334,15,2024-09-01,
2834,2335,35,2024-09-01,2025-08-07
2835,2335,14,2025-08-08,
2836,2336,34,2024-12-12,
2837,2337,42,2024-09-01,
2838,2338,12,2025-07-16,
2839,2339,15,2024-09-01,
2840,2340,6,2025-01-21,
2841,2341,22,2024-09-01,
2842,2342,8,2024-09-01,
2843,2343,21,2024-09-01,
2844,2344,28,2024-09-01,
2845,2345,30,2024-09-01,
2846,2346,13,2024-09-01,
2847,2347,5,2024-09-01,2025-03-20
2848,2347,29,2025-03-21,
2849,2348,30,2024-09-01,
2850,2349,36,2024-09-01,
2851,2350,32,2024-09-01,
2852,2351,41,2024-09-01,
2853,2352,42,2024-09-01,
2854,2353,32,2024-09-01,
2855,2354,19,2025-12-12,
2856,2355,24,2024-09-01,
2857,2356,3,2024-09-01,
2858,2357,9,2024-09-01,
2859,2358,7,2024-09-01,
2860,2359,22,2025-10-19,2026-07-04
2861,2359,24,2026-07-05,
2862,2360,33,2024-09-01,
2863,2361,14,2024-09-01,
2864,2362,34,2024-09-01,
2865,2363,22,2024-09-01,
2866,2364,30,2024-09-01,
2867,2365,41,2024-09-01,2025-10-26
2868,2365,42,2025-10-27,
2869,2366,24,2024-09-01,
2870,2367,10,2024-09-01,
2871,2368,30,2024-09-01,
2872,2369,28,2024-09-01,
2873,2370,16,2024-09-01,
2874,2371,20,2024-09-01,2025-03-13
2875,2371,11,2025-03-14,
2876,2372,36,2024-09-01,2025-04-22
2877,2372,5,2025-04-23,
2878,2373,13,2024-09-01,2026-03-20
2879,2373,14,2026-03-21,
2880,2374,12,2024-09-01,2024-11-30
2881,2374,20,2024-12-01,
2882,2375,20,2024-09-01,
2883,2376,1,2024-09-01,
2884,2377,1,2024-09-01,
2885,2378,14,2024-09-01,
2886,2379,18,2024-09-01,
2887,2380,12,2024-09-01,
2888,2381,32,2025-08-21,
2889,2382,39,2025-05-18,
2890,2383,33,2024-09-01,2025-04-05
2891,2383,31,2025-04-06,
2892,2384,12,2024-09-01,
2893,2385,16,2024-09-01,2026-02-20
2894,2385,29,2026-02-21,
2895,2386,11,2025-02-05,
2896,2387,17,2024-09-01,
2897,2388,35,2024-09-01,
2898,2389,17,2025-12-23,
2899,2390,32,2024-09-01,
2900,2391,10,2025-06-21,
2901,2392,10,2024-09-01,
2902,2393,24,2024-09-01,
2903,2394,20,2024-09-01,
2904,2395,19,2024-09-01,
2905,2396,32,2025-11-16,
2906,2397,25,2024-09-01,
2907,2398,39,2024-09-01,
2908,2399,28,2024-09-01,
2909,2400,41,2024-09-01,
2910,2401,37,2025-08-24,
2911,2402,7,2024-09-01,
2912,2403,2,2024-12-13,2026-05-05
2913,2403,6,2026-05-06,
2914,2404,4,2024-09-01,
2915,2405,15,2024-09-01,
2916,2406,39,2026-06-13,
2917,2407,26,2024-09-01,
2918,2408,7,2024-09-01,
2919,2409,17,2024-09-01,
2920,2410,18,2024-12-21,
2921,2411,25,2025-02-22,
2922,2412,38,2024-09-01,
2923,2413,26,2024-09-01,
2924,2414,25,2024-09-01,
2925,2415,22,2025-12-31,
2926,2416,27,2024-09-01,2024-11-27
2927,2416,32,2024-11-28,
2928,2417,28,2024-09-01,
2929,2418,18,2024-09-01,
2930,2419,21,2025-11-11,2026-03-10
2931,2419,4,2026-03-11,
2932,2420,38,2025-08-19,
2933,2421,10,2025-05-20,
2934,2422,15,2024-09-01,
2935,2423,34,2024-09-01,
2936,2424,31,2024-09-01,
2937,2425,20,2025-07-06,
2938,2426,20,2024-09-01,2026-05-23
2939,2426,19,2026-05-24,
2940,2427,20,2024-09-01,2025-09-23
2941,2427,18,2025-09-24,
2942,2428,38,2024-12-08,
2943,2429,15,2026-06-24,
2944,2430,3,2025-02-27,
2945,2431,23,2024-09-01,
2946,2432,19,2024-09-01,2026-04-07
2947,2432,30,2026-04-08,
2948,2433,20,2024-09-01,
2949,2434,8,2024-09-01,
2950,2435,1,2024-09-01,2025-04-08
2951,2435,39,2025-04-09,
2952,2436,22,2024-09-01,2026-05-10
2953,2436,24,2026-05-11,
2954,2437,36,2024-09-01,
2955,2438,25,2024-09-01,
2956,2439,5,2024-09-01,
2957,2440,21,2024-09-01,
2958,2441,34,2026-05-16,
2959,2442,20,2024-09-01,
2960,2443,34,2024-09-08,
2961,2444,39,2025-10-28,
2962,2445,24,2025-07-11,
2963,2446,36,2024-09-01,
2964,2447,2,2024-09-01,2026-03-30
2965,2447,28,2026-03-31,
2966,2448,37,2024-09-01,2024-11-12
2967,2448,10,2024-11-13,
2968,2449,25,2024-09-01,
2969,2450,33,2024-09-01,2025-07-18
2970,2450,37,2025-07-19,
2971,2451,1,2024-09-01,
2972,2452,39,2024-09-01,
2973,2453,16,2024-09-01,
2974,2454,32,2026-04-14,
2975,2455,39,2024-09-01,
2976,2456,33,2024-09-01,
2977,2457,21,2024-09-01,2026-03-30
2978,2457,5,2026-03-31,
2979,2458,24,2024-09-01,
2980,2459,21,2026-02-01,
2981,2460,41,2024-09-01,
2982,2461,40,2024-09-01,
2983,2462,32,2024-09-01,2026-07-07
2984,2462,21,2026-07-08,
2985,2463,9,2024-09-01,2025-05-29
2986,2463,3,2025-05-30,
2987,2464,7,2024-09-01,
2988,2465,19,2026-06-07,2026-08-18
2989,2465,15,2026-08-19,
2990,2466,32,2024-09-01,
2991,2467,39,2024-09-01,
2992,2468,31,2024-09-01,
2993,2469,12,2024-09-01,
2994,2470,33,2024-09-01,
2995,2471,41,2024-09-01,
2996,2472,24,2024-09-01,
2997,2473,22,2024-09-01,
2998,2474,2,2024-09-01,
2999,2475,21,2024-09-01,
3000,2476,39,2024-09-01,
3001,2477,37,2024-09-01,
3002,2478,13,2025-11-15,
3003,2479,11,2024-09-01,
3004,2480,6,2024-09-01,
3005,2481,41,2024-09-01,
3006,2482,7,2024-09-01,
3007,2483,3,2024-09-01,
3008,2484,33,2025-07-24,
3009,2485,17,2025-12-21,
3010,2486,23,2024-09-01,
3011,2487,38,2025-10-01,
3012,2488,35,2024-09-01,
3013,2489,13,2024-09-01,
3014,2490,4,2024-09-01,
3015,2491,13,2024-09-01,2025-11-28
3016,2491,35,2025-11-29,
3017,2492,9,2024-09-01,
3018,2493,1,2025-06-12,
3019,2494,17,2024-09-01,
3020,2495,26,2024-09-01,2025-08-11
3021,2495,18,2025-08-12,
3022,2496,9,2024-09-01,
3023,2497,6,2024-09-01,
3024,2498,15,2024-11-15,
3025,2499,33,2024-09-01,
3026,2500,25,2024-09-01,2026-02-03
3027,2500,17,2026-02-04,
3028,2501,16,2024-09-01,
3029,2502,27,2024-09-01,
3030,2503,20,2024-09-01,
3031,2504,3,2024-09-01,
3032,2505,5,2024-09-01,
3033,2506,20,2024-09-01,2025-04-26
3034,2506,15,2025-04-27,
3035,2507,21,2024-09-01,
3036,2508,2,2024-09-01,
3037,2509,2,2025-10-07,
3038,2510,8,2024-09-01,
3039,2511,28,2024-09-01,2026-04-04
3040,2511,42,2026-04-05,
3041,2512,3,2025-03-04,2025-06-29
3042,2512,42,2025-06-30,
3043,2513,7,2024-09-01,
3044,2514,17,2024-09-01,2025-11-04
3045,2514,33,2025-11-05,
3046,2515,33,2024-09-01,
3047,2516,3,2024-09-01,
3048,2517,42,2024-10-16,
3049,2518,9,2024-09-01,
3050,2519,21,2024-09-01,2025-04-19
3051,2519,2,2025-04-20,
3052,2520,8,2024-09-01,2026-05-07
3053,2520,33,2026-05-08,
3054,2521,21,2024-09-01,
3055,2522,26,2024-09-01,2025-03-22
3056,2522,34,2025-03-23,
3057,2523,9,2026-01-17,
3058,2524,9,2026-06-16,
3059,2525,8,2024-09-01,2026-05-30
3060,2525,9,2026-05-31,
3061,2526,29,2024-09-01,
3062,2527,26,2024-09-01,
3063,2528,17,2024-09-01,2026-02-03
3064,2528,8,2026-02-04,
3065,2529,35,2025-12-23,
3066,2530,14,2025-04-12,
3067,2531,8,2024-09-01,2026-04-10
3068,2531,18,2026-04-11,
3069,2532,38,2024-09-01,
3070,2533,10,2024-09-01,
3071,2534,17,2024-09-01,2024-11-07
3072,2534,14,2024-11-08,
3073,2535,24,2024-09-01,
3074,2536,8,2024-09-01,
3075,2537,36,2026-02-07,
3076,2538,40,2025-10-08,2026-06-15
3077,2538,21,2026-06-16,
3078,2539,32,2024-09-01,
3079,2540,19,2026-05-27,
3080,2541,29,2024-09-01,
3081,2542,38,2024-09-01,
3082,2543,40,2024-09-01,2026-06-15
3083,2543,41,2026-06-16,
3084,2544,5,2024-09-01,2025-01-19
3085,2544,27,2025-01-20,
3086,2545,17,2026-01-13,
3087,2546,26,2024-09-01,
3088,2547,14,2025-06-03,2026-03-09
3089,2547,15,2026-03-10,
3090,2548,6,2024-09-01,
3091,2549,9,2025-07-05,
3092,2550,29,2024-09-01,
3093,2551,42,2024-09-01,
3094,2552,30,2024-09-16,
3095,2553,10,2024-09-01,
3096,2554,34,2024-09-01,
3097,2555,33,2025-11-27,
3098,2556,6,2024-09-01,
3099,2557,12,2024-09-01,
3100,2558,28,2025-08-13,
3101,2559,29,2026-02-17,
3102,2560,19,2025-04-12,
3103,2561,19,2024-09-01,
3104,2562,20,2024-09-01,2025-10-19
3105,2562,18,2025-10-20,
3106,2563,8,2024-09-01,
3107,2564,35,2025-11-15,2026-03-05
3108,2564,8,2026-03-06,
3109,2565,17,2024-09-01,2025-09-10
3110,2565,30,2025-09-11,
3111,2566,12,2024-09-01,
3112,2567,34,2024-09-01,2025-05-12
3113,2567,11,2025-05-13,
3114,2568,29,2024-09-01,2025-09-28
3115,2568,22,2025-09-29,
3116,2569,20,2026-04-11,
3117,2570,11,2024-09-01,
3118,2571,19,2025-01-13,
3119,2572,6,2024-09-01,
3120,2573,12,2024-09-01,
3121,2574,10,2024-11-19,
3122,2575,22,2024-09-01,
3123,2576,41,2024-11-25,2026-05-25
3124,2576,40,2026-05-26,
3125,2577,1,2024-09-01,
3126,2578,42,2024-09-01,2026-01-19
3127,2578,7,2026-01-20,
3128,2579,16,2024-09-01,
3129,2580,30,2024-09-01,
3130,2581,13,2024-09-01,
3131,2582,34,2024-09-01,
3132,2583,35,2024-09-01,
3133,2584,10,2024-09-01,
3134,2585,21,2024-09-01,
3135,2586,1,2024-09-01,2025-02-04
3136,2586,10,2025-02-05,
3137,2587,2,2024-09-01,2025-04-20
3138,2587,31,2025-04-21,
3139,2588,39,2024-09-01,
3140,2589,22,2024-09-01,
3141,2590,37,2025-05-26,
3142,2591,21,2026-04-11,
3143,2592,5,2025-10-24,
3144,2593,31,2024-09-01,
3145,2594,36,2024-09-01,
3146,2595,1,2026-05-04,2026-07-05
3147,2595,4,2026-07-06,
3148,2596,21,2024-09-01,
3149,2597,14,2024-09-01,
3150,2598,16,2024-09-01,2025-09-14
3151,2598,8,2025-09-15,
3152,2599,25,2024-09-01,
3153,2600,2,2024-09-01,2025-01-22
3154,2600,20,2025-01-23,
3155,2601,37,2024-09-01,2026-07-27
3156,2601,4,2026-07-28,
3157,2602,30,2024-09-01,
3158,2603,13,2024-09-01,
3159,2604,7,2024-09-01,2026-02-12
3160,2604,9,2026-02-13,
3161,2605,23,2025-03-04,
3162,2606,9,2024-09-01,2024-12-15
3163,2606,38,2024-12-16,
3164,2607,35,2024-09-01,
3165,2608,38,2024-09-01,2026-01-13
3166,2608,1,2026-01-14,
3167,2609,33,2024-09-01,
3168,2610,33,2024-09-01,
3169,2611,40,2024-09-01,2025-11-16
3170,2611,13,2025-11-17,
3171,2612,38,2025-07-06,
3172,2613,18,2024-09-01,
3173,2614,6,2024-09-01,
3174,2615,8,2024-09-01,
3175,2616,31,2024-09-01,2025-08-04
3176,2616,12,2025-08-05,
3177,2617,39,2026-04-12,2026-07-31
3178,2617,6,2026-08-01,
3179,2618,30,2024-09-01,
3180,2619,5,2025-02-17,2025-07-27
3181,2619,8,2025-07-28,
3182,2620,8,2024-09-01,
3183,2621,25,2024-09-01,
3184,2622,23,2025-06-11,
3185,2623,20,2024-09-01,
3186,2624,5,2024-09-01,
3187,2625,30,2024-09-01,
3188,2626,35,2024-09-01,
3189,2627,22,2026-01-23,
3190,2628,16,2024-09-01,
3191,2629,28,2024-09-01,2025-06-15
3192,2629,8,2025-06-16,
3193,2630,28,2024-09-01,
3194,2631,42,2024-09-01,2025-06-01
3195,2631,29,2025-06-02,
3196,2632,15,2024-09-01,
3197,2633,4,2024-10-18,
3198,2634,24,2024-09-01,
3199,2635,30,2025-02-05,
3200,2636,18,2025-12-17,2026-03-18
3201,2636,40,2026-03-19,
3202,2637,36,2024-09-01,
3203,2638,16,2024-09-01,
3204,2639,37,2024-09-01,
3205,2640,22,2024-09-01,
3206,2641,21,2024-09-01,
3207,2642,6,2024-09-01,
3208,2643,2,2024-09-01,
3209,2644,32,2024-09-01,
3210,2645,32,2024-09-01,
3211,2646,7,2024-09-01,
3212,2647,41,2024-09-01,
3213,2648,30,2024-09-01,
3214,2649,36,2026-03-04,
3215,2650,32,2024-09-01,
3216,2651,35,2024-09-01,
3217,2652,33,2024-09-01,
3218,2653,25,2026-01-15,
3219,2654,4,2024-09-01,
3220,2655,14,2025-03-15,2025-08-08
3221,2655,14,2025-08-09,
3222,2656,24,2024-11-12,
3223,2657,33,2024-09-01,
3224,2658,15,2024-09-01,
3225,2659,11,2024-09-01,
3226,2660,40,2024-09-01,
3227,2661,8,2025-01-19,
3228,2662,14,2024-09-01,
3229,2663,14,2024-09-01,
3230,2664,13,2024-09-01,2025-01-10
3231,2664,22,2025-01-11,
3232,2665,22,2026-02-04,
3233,2666,12,2024-09-01,2026-06-28
3234,2666,41,2026-06-29,
3235,2667,15,2025-11-16,
3236,2668,22,2024-09-01,
3237,2669,6,2024-09-01,
3238,2670,23,2024-09-01,
3239,2671,35,2024-09-01,
3240,2672,22,2024-09-01,2026-03-09
3241,2672,37,2026-03-10,
3242,2673,31,2024-09-01,
3243,2674,11,2024-09-01,
3244,2675,7,2024-09-01,2026-05-24
3245,2675,38,2026-05-25,
3246,2676,8,2024-09-01,
3247,2677,33,2024-09-01,
3248,2678,34,2024-09-01,
3249,2679,22,2024-09-01,2024-12-19
3250,2679,15,2024-12-20,
3251,2680,34,2024-11-24,
3252,2681,41,2025-07-19,
3253,2682,7,2024-09-01,
3254,2683,15,2024-09-01,2024-12-01
3255,2683,15,2024-12-02,
3256,2684,26,2024-09-01,2025-12-08
3257,2684,2,2025-12-09,
3258,2685,13,2024-09-01,
3259,2686,18,2024-09-01,
3260,2687,26,2024-09-01,
3261,2688,11,2024-09-01,
3262,2689,1,2024-09-01,
3263,2690,33,2024-09-01,2026-02-23
3264,2690,39,2026-02-24,
3265,2691,16,2024-09-01,
3266,2692,19,2024-09-01,
3267,2693,28,2024-09-01,
3268,2694,39,2024-09-01,2026-06-14
3269,2694,8,2026-06-15,
3270,2695,4,2025-06-04,2025-09-11
3271,2695,37,2025-09-12,
3272,2696,16,2024-09-01,
3273,2697,41,2024-09-01,
3274,2698,33,2026-03-09,
3275,2699,4,2024-09-01,
3276,2700,26,2024-09-01,2026-03-19
3277,2700,37,2026-03-20,
3278,2701,6,2024-09-01,
3279,2702,17,2024-09-01,
3280,2703,14,2025-10-27,
3281,2704,11,2024-11-03,2026-05-13
3282,2704,14,2026-05-14,
3283,2705,4,2025-04-30,
3284,2706,37,2024-09-01,
3285,2707,32,2024-09-01,
3286,2708,3,2024-09-01,
3287,2709,3,2025-09-21,2026-07-13
3288,2709,18,2026-07-14,
3289,2710,15,2024-09-01,2025-02-13
3290,2710,5,2025-02-14,
3291,2711,41,2024-09-01,
3292,2712,32,2024-09-01,2025-10-18
3293,2712,7,2025-10-19,
3294,2713,9,2024-09-01,
3295,2714,4,2024-09-01,
3296,2715,16,2024-09-01,
3297,2716,13,2024-09-01,
3298,2717,19,2024-09-01,
3299,2718,11,2024-09-01,
3300,2719,28,2024-09-01,
3301,2720,14,2024-09-01,
3302,2721,31,2026-04-11,
3303,2722,35,2024-09-01,
3304,2723,7,2024-09-01,2026-05-15
3305,2723,12,2026-05-16,
3306,2724,25,2024-09-01,
3307,2725,20,2024-12-18,2025-05-09
3308,2725,18,2025-05-10,
3309,2726,34,2024-09-01,
3310,2727,40,2024-09-01,
3311,2728,33,2024-09-01,
3312,2729,26,2024-09-01,
3313,2730,35,2026-04-10,
3314,2731,29,2024-09-01,
3315,2732,40,2024-09-01,
3316,2733,37,2024-09-01,
3317,2734,1,2024-10-30,2026-03-09
3318,2734,8,2026-03-10,
3319,2735,12,2024-09-01,
3320,2736,39,2024-09-01,2025-05-02
3321,2736,25,2025-05-03,
3322,2737,9,2025-04-02,
3323,2738,6,2025-04-18,2025-11-27
3324,2738,2,2025-11-28,
3325,2739,29,2024-09-01,2026-04-27
3326,2739,37,2026-04-28,
3327,2740,9,2024-09-01,
3328,2741,10,2024-09-01,
3329,2742,8,2024-09-01,
3330,2743,8,2024-09-01,2025-11-21
3331,2743,30,2025-11-22,
3332,2744,21,2024-09-01,2024-12-02
3333,2744,6,2024-12-03,
3334,2745,21,2024-09-01,
3335,2746,4,2024-09-01,
3336,2747,29,2024-09-01,
3337,2748,7,2024-12-27,
3338,2749,2,2024-09-01,2026-01-26
3339,2749,26,2026-01-27,
3340,2750,29,2024-09-01,
3341,2751,37,2024-09-01,2026-04-06
3342,2751,9,2026-04-07,
3343,2752,18,2024-09-01,
3344,2753,18,2024-09-01,2025-03-23
3345,2753,35,2025-03-24,
3346,2754,15,2024-09-01,2025-04-21
3347,2754,2,2025-04-22,
3348,2755,3,2024-09-01,
3349,2756,18,2025-04-23,2026-03-08
3350,2756,19,2026-03-09,
3351,2757,9,2025-04-20,
3352,2758,39,2024-09-01,
3353,2759,27,2026-04-28,
3354,2760,19,2024-09-01,2025-07-12
3355,2760,15,2025-07-13,
3356,2761,14,2024-09-01,
3357,2762,13,2024-12-22,2026-04-20
3358,2762,12,2026-04-21,
3359,2763,6,2024-09-01,
3360,2764,41,2025-05-05,
3361,2765,6,2024-09-01,
3362,2766,20,2025-10-02,2026-02-23
3363,2766,24,2026-02-24,
3364,2767,7,2024-09-01,
3365,2768,9,2024-09-01,
3366,2769,30,2026-01-19,
3367,2770,10,2025-08-12,
3368,2771,26,2025-02-02,2026-04-27
3369,2771,27,2026-04-28,
3370,2772,38,2024-09-01,
3371,2773,18,2025-05-30,
3372,2774,27,2024-09-06,2025-09-16
3373,2774,26,2025-09-17,
3374,2775,17,2024-09-01,
3375,2776,41,2025-07-02,
3376,2777,33,2024-09-01,2026-02-25
3377,2777,38,2026-02-26,
3378,2778,22,2024-09-01,
3379,2779,10,2024-09-01,
3380,2780,32,2024-09-01,
3381,2781,2,2025-01-10,
3382,2782,41,2024-09-01,
3383,2783,25,2024-09-01,
3384,2784,13,2024-09-01,
3385,2785,30,2026-03-06,2026-06-13
3386,2785,14,2026-06-14,
3387,2786,4,2025-09-22,2026-03-06
3388,2786,13,2026-03-07,
3389,2787,8,2024-09-01,
3390,2788,18,2024-09-01,
3391,2789,7,2024-09-01,
3392,2790,27,2024-09-01,
3393,2791,15,2026-06-27,2026-09-21
3394,2791,10,2026-09-22,
3395,2792,8,2024-09-01,
3396,2793,12,2024-09-01,
3397,2794,23,2024-09-01,
3398,2795,27,2024-09-01,
3399,2796,19,2024-09-01,
3400,2797,21,2025-01-08,
3401,2798,42,2024-09-01,2026-05-28
3402,2798,19,2026-05-29,
3403,2799,6,2024-09-01,
3404,2800,28,2024-09-01,
3405,2801,17,2024-09-01,
3406,2802,22,2025-04-30,
3407,2803,2,2024-09-01,
3408,2804,39,2024-09-01,
3409,2805,22,2024-09-01,
3410,2806,24,2024-09-01,
3411,2807,7,2024-09-01,
3412,2808,40,2025-04-18,
3413,2809,17,2024-09-01,
3414,2810,36,2024-09-01,
3415,2811,15,2024-09-01,
3416,2812,36,2026-03-08,2026-07-24
3417,2812,29,2026-07-25,
3418,2813,34,2024-09-01,
3419,2814,9,2024-09-01,
3420,2815,16,2024-09-01,
3421,2816,15,2024-09-01,
3422,2817,12,2026-05-16,2026-07-21
3423,2817,42,2026-07-22,
3424,2818,10,2024-09-01,
3425,2819,27,2024-09-01,
3426,2820,32,2024-09-01,
3427,2821,32,2024-09-01,2025-09-30
3428,2821,37,2025-10-01,
3429,2822,36,2024-09-01,
3430,2823,25,2025-04-10,2026-03-30
3431,2823,16,2026-03-31,
3432,2824,39,2024-09-01,
3433,2825,23,2024-09-01,
3434,2826,40,2026-02-22,
3435,2827,39,2024-09-29,
3436,2828,17,2024-09-01,
3437,2829,33,2024-09-08,2025-02-15
3438,2829,39,2025-02-16,
3439,2830,17,2024-09-01,
3440,2831,40,2024-09-01,
3441,2832,5,2024-09-01,
3442,2833,38,2024-09-01,2025-02-18
3443,2833,32,2025-02-19,
3444,2834,5,2026-05-21,
3445,2835,19,2026-02-13,
3446,2836,38,2024-09-01,
3447,2837,21,2024-09-01,2025-07-12
3448,2837,25,2025-07-13,
3449,2838,9,2024-09-01,
3450,2839,28,2024-09-01,
3451,2840,29,2024-09-01,
3452,2841,36,2026-06-07,2026-08-18
3453,2841,15,2026-08-19,
3454,2842,29,2024-09-01,
3455,2843,2,2024-09-01,
3456,2844,21,2024-10-05,
3457,2845,17,2026-03-10,
3458,2846,9,2024-09-01,
3459,2847,5,2025-04-19,
3460,2848,31,2025-12-22,
3461,2849,19,2024-09-01,
3462,2850,22,2024-09-01,
3463,2851,26,2024-09-01,
3464,2852,18,2024-09-01,
3465,2853,14,2024-09-01,
3466,2854,33,2024-10-18,
3467,2855,37,2024-09-01,
3468,2856,39,2026-03-29,2026-07-22
3469,2856,1,2026-07-23,
3470,2857,1,2025-12-25,
3471,2858,27,2024-09-01,
3472,2859,24,2024-09-01,
3473,2860,9,2024-09-01,
3474,2861,27,2024-09-01,
3475,2862,9,2024-12-17,
3476,2863,32,2024-09-01,2024-11-21
3477,2863,22,2024-11-22,
3478,2864,11,2024-09-01,2025-07-31
3479,2864,2,2025-08-01,
3480,2865,37,2024-09-01,
3481,2866,40,2024-09-01,
3482,2867,29,2024-09-01,
3483,2868,1,2024-09-01,
3484,2869,37,2024-09-01,
3485,2870,19,2024-09-01,
3486,2871,39,2024-09-01,2024-11-22
3487,2871,11,2024-11-23,
3488,2872,6,2024-09-01,
3489,2873,17,2025-12-12,
3490,2874,38,2024-09-01,2025-09-15
3491,2874,35,2025-09-16,
3492,2875,7,2024-09-01,
3493,2876,13,2024-12-13,
3494,2877,15,2024-09-01,
3495,2878,38,2024-09-01,
3496,2879,1,2024-09-01,
3497,2880,19,2026-02-13,
3498,2881,34,2024-09-01,2025-12-21
3499,2881,16,2025-12-22,
3500,2882,12,2024-09-01,
3501,2883,4,2024-09-01,2025-01-09
3502,2883,38,2025-01-10,
3503,2884,15,2024-09-01,2026-03-31
3504,2884,42,2026-04-01,
3505,2885,32,2024-09-01,
3506,2886,9,2025-04-05,
3507,2887,28,2024-09-01,
3508,2888,35,2024-09-01,
3509,2889,23,2024-09-01,
3510,2890,12,2024-09-01,
3511,2891,16,2024-09-01,
3512,2892,39,2024-09-01,
3513,2893,38,2024-09-01,
3514,2894,22,2024-09-01,2025-09-06
3515,2894,9,2025-09-07,
3516,2895,7,2024-09-01,
3517,2896,6,2024-09-01,
3518,2897,39,2025-05-04,
3519,2898,8,2025-01-27,
3520,2899,18,2024-09-01,
3521,2900,22,2024-09-01,
3522,2901,11,2024-09-01,
3523,2902,25,2024-09-01,2025-09-12
3524,2902,38,2025-09-13,
3525,2903,19,2024-09-01,
3526,2904,21,2024-09-01,
3527,2905,3,2024-09-01,
3528,2906,14,2024-09-01,
3529,2907,24,2025-09-19,
3530,2908,42,2024-09-01,
3531,2909,42,2026-02-09,
3532,2910,39,2024-09-01,2026-07-11
3533,2910,41,2026-07-12,
3534,2911,22,2025-08-03,
3535,2912,5,2025-11-19,
3536,2913,8,2024-09-01,
3537,2914,6,2026-05-29,2026-08-15
3538,2914,35,2026-08-16,
3539,2915,30,2026-03-20,
3540,2916,11,2024-09-01,
3541,2917,2,2024-09-01,
3542,2918,40,2024-09-01,
3543,2919,29,2025-06-19,2026-04-26
3544,2919,13,2026-04-27,
3545,2920,38,2024-09-01,2025-11-19
3546,2920,25,2025-11-20,
3547,2921,28,2024-09-01,
3548,2922,24,2024-09-01,
3549,2923,40,2025-08-05,
3550,2924,42,2024-10-19,
3551,2925,31,2024-09-01,
3552,2926,13,2024-09-01,
3553,2927,32,2024-09-01,
3554,2928,7,2024-09-01,
3555,2929,12,2024-09-01,
3556,2930,41,2024-09-01,
3557,2931,18,2024-09-01,
3558,2932,32,2024-09-01,2025-10-24
3559,2932,7,2025-10-25,
3560,2933,19,2024-09-01,
3561,2934,32,2024-09-01,
3562,2935,20,2024-09-01,2025-04-04
3563,2935,35,2025-04-05,
3564,2936,26,2026-01-05,
3565,2937,7,2024-11-22,
3566,2938,2,2026-04-28,
3567,2939,16,2024-09-01,
3568,2940,38,2025-03-14,
3569,2941,34,2024-12-30,
3570,2942,18,2024-09-01,
3571,2943,31,2024-09-01,
3572,2944,9,2025-03-24,
3573,2945,24,2024-09-01,
3574,2946,27,2024-09-01,2026-05-06
3575,2946,41,2026-05-07,
3576,2947,11,2024-09-01,
3577,2948,20,2024-09-01,2026-04-15
3578,2948,10,2026-04-16,
3579,2949,36,2024-09-01,
3580,2950,29,2024-09-01,
3581,2951,9,2024-09-01,
3582,2952,19,2024-09-01,
3583,2953,3,2024-09-01,
3584,2954,32,2024-11-16,
3585,2955,3,2025-12-02,
3586,2956,29,2026-06-29,2026-09-05
3587,2956,37,2026-09-06,
3588,2957,6,2024-09-01,
3589,2958,2,2024-09-01,
3590,2959,13,2024-09-01,
3591,2960,10,2024-09-01,
3592,2961,24,2024-09-01,
3593,2962,32,2025-01-09,
3594,2963,13,2024-09-01,
3595,2964,10,2024-09-01,
3596,2965,23,2024-09-01,2024-12-08
3597,2965,39,2024-12-09,
3598,2966,18,2024-09-01,
3599,2967,25,2024-09-01,
3600,2968,28,2025-06-03,
3601,2969,32,2024-09-01,
3602,2970,23,2024-09-01,
3603,2971,12,2024-09-01,2025-06-04
3604,2971,28,2025-06-05,
3605,2972,1,2024-09-01,
3606,2973,38,2024-09-01,
3607,2974,20,2024-09-01,
3608,2975,38,2024-09-01,
3609,2976,38,2026-06-15,
3610,2977,15,2024-09-01,2025-02-13
3611,2977,22,2025-02-14,
3612,2978,9,2024-09-01,
3613,2979,38,2024-09-01,
3614,2980,26,2024-09-01,2026-02-04
3615,2980,41,2026-02-05,
3616,2981,3,2024-09-01,
3617,2982,34,2024-09-01,
3618,2983,18,2024-09-01,
3619,2984,8,2024-09-01,
3620,2985,9,2024-09-01,
3621,2986,39,2024-09-01,
3622,2987,41,2024-09-01,
3623,2988,38,2025-10-02,
3624,2989,12,2024-09-01,
3625,2990,20,2024-09-01,
3626,2991,20,2024-09-01,
3627,2992,14,2024-09-01,2025-05-19
3628,2992,20,2025-05-20,
3629,2993,22,2024-09-01,
3630,2994,19,2024-09-01,
3631,2995,38,2024-09-01,
3632,2996,18,2024-09-01,2026-04-01
3633,2996,37,2026-04-02,
3634,2997,19,2024-09-01,
3635,2998,28,2024-09-01,
3636,2999,27,2024-09-01,
3637,3000,32,2024-09-01,
